,Food,Beer,Smoke,Games,Books,Hshld,Clths,Hlth,Chems,Txtls,Cnstr,Steel,FabPr,ElcEq,Autos,Carry,Mines,Coal,Oil,Util,Telcm,Servs,BusEq,Paper,Trans,Whlsl,Rtail,Meals,Fin,Other
1991-04,3.07E-33,1.82E-171,8.40E-55,7.71E-56,4.72E-190,5.22E-278,3.98E-45,1.57E-100,4.24E-31,7.22E-23,8.78E-65,0.132732268,1.47E-100,2.59E-18,2.93E-70,1.88E-19,3.26E-12,1,3.41E-21,5.76E-41,1.45E-27,2.06E-39,1.10E-31,8.73E-44,1.31E-42,5.73E-24,3.94E-46,1.74E-75,4.81E-74,1.68E-43
1991-05,9.89E-110,3.74E-201,2.13E-28,3.18E-190,1.21E-230,1.95E-240,2.64E-53,9.52E-68,1.45E-52,1.22E-50,3.05E-98,2.22E-06,2.83E-95,1.46E-28,6.21E-53,7.56E-24,7.59E-65,1.03E-10,2.42E-177,1.32E-105,0.999997528,1.24E-46,1.63E-06,1.76E-155,3.64E-73,3.18E-76,3.98E-90,3.42E-187,6.43E-108,9.57E-53
1991-06,4.13E-162,3.08E-72,1.05E-119,2.45E-142,9.18E-66,5.81E-274,2.78E-40,1.52E-263,4.58E-41,3.78E-159,4.07E-89,4.81E-07,1.67E-78,6.17E-41,1.96E-36,9.78E-40,2.42E-86,1.82E-09,4.53E-116,1.08E-47,1.17E-31,1.47E-66,2.30E-105,2.33E-202,1.54E-52,7.84E-44,5.21E-13,9.68E-203,3.41E-66,1.04E-19
1991-07,1.36E-106,3.34E-10,3.67E-140,4.91E-12,1.40E-05,4.00E-100,6.50E-15,2.35E-118,7.57E-123,1.75E-10,6.05E-39,1.22E-18,9.90E-79,8.17E-53,1,4.16E-11,4.34E-46,0,1.23E-106,3.21E-74,3.04E-37,1.49E-55,4.39E-91,1.14E-75,8.84E-63,5.89E-72,2.53E-21,2.72E-68,1.10E-117,8.69E-161
1991-08,7.03E-11,2.92E-09,1,4.70E-24,1,7.57E-31,4.43E-103,0.999999997,1.68E-17,1.00E-67,5.65E-05,1,4.06E-09,7.68E-36,8.08E-10,0.004580838,5.37E-13,0.000171426,0.999556968,2.02E-24,6.03E-10,2.08E-17,3.12E-24,4.92E-13,2.82E-40,4.06E-10,9.26E-30,7.40E-28,5.19E-16,1.06E-06
1991-09,1.02E-32,4.51E-51,0.999989315,1.14E-23,1.47E-130,2.66E-28,2.44E-10,1.35E-07,0.001068749,1.72E-51,6.74E-43,0.999594546,7.47E-09,2.81E-06,1,9.18E-29,1.01E-33,4.91E-39,1,1.42E-61,2.54E-06,1.68E-90,1,3.60E-14,5.80E-97,0.99999998,1.67E-70,4.76E-97,2.13E-30,3.78E-05
1991-10,1.03E-165,0,0.9990975,1.11E-268,4.31E-282,5.52E-225,9.94E-89,3.42E-06,1.27E-55,1,1.78E-133,1.30E-119,1.63E-25,6.06E-88,7.28E-56,1.50E-94,1.80E-76,2.51E-97,0.999997156,2.48E-153,5.81E-18,8.54E-88,1.69E-68,1.76E-33,5.79E-63,1.33E-54,2.62E-88,0.999999979,6.10E-158,6.05E-43
1991-11,0.998056161,7.19E-40,0.00033574,5.13E-47,1.22E-140,9.92E-37,9.19E-10,2.31E-89,1.07E-55,1.89E-11,0.999999991,0.000612065,1,1.47E-30,0.999999258,0.898777243,1.29E-40,1.51E-38,1,0.950942238,0.045263462,1.34E-08,1.67E-96,1.01E-51,1,2.50E-12,6.50E-07,8.94E-98,0.986103619,7.94E-38
1991-12,0.999984722,0.999947238,0.999999997,3.35E-29,1.87E-140,0.999999998,9.32E-47,0.002580168,2.77E-18,1.12E-72,3.20E-13,2.78E-33,8.73E-17,1.78E-06,5.09E-09,1.11E-23,1.41E-20,8.14E-104,1,3.69E-10,1,2.27E-16,0.884205684,4.68E-06,0.013805033,5.18E-30,4.56E-50,5.70E-39,9.22E-07,6.73E-27
1992-01,8.99E-09,9.44E-17,1,1.29E-05,1,0.002559207,0.009375994,0.000174922,4.21E-31,1,1,5.83E-20,5.45E-14,1,1.74E-05,5.39E-24,3.39E-15,1.40E-113,3.17E-19,1.03E-29,0.922548308,1.15E-05,1,1,1,7.97E-06,0.006049062,1.64E-05,0.999328573,2.42E-31
1992-02,1.05E-08,1,1,0.084881646,1,0.999997239,0.999690964,2.35E-07,0.999999995,0.375177307,1,0.999999995,1,6.14E-31,0.9997751,1.19E-12,0.989664038,1.15E-92,0.999999754,3.28E-38,0.055669581,1.90E-20,1.16E-09,3.16E-08,1.95E-10,0.008436519,0.82342212,0.002776552,1.51E-09,1
1992-03,0.025962363,1,1,0.999999993,0.008057887,0.000104694,6.41E-12,2.33E-67,0.000730531,0.005945349,0.001152696,1.98E-08,0.999998882,4.38E-12,1,1.79E-05,1,1.86E-25,0.995948791,3.99E-50,0.022333785,0.78424705,0.997095973,1,1,0.0001434,4.34E-09,8.36E-17,6.78E-33,0.000193251
1992-04,3.71E-06,6.58E-10,3.59E-17,0.000122878,3.92E-11,1.41E-24,1,1.53E-98,0.094780552,1.48E-34,0.018689705,8.35E-09,3.26E-15,1,0.999999983,0.999916059,1,1,5.28E-06,2.55E-08,2.48E-19,0.000115146,1.25E-16,3.78E-13,2.76E-21,2.00E-06,4.21E-17,9.97E-57,1.16E-61,0.001272163
1992-05,0.999999827,5.25E-18,1,0.99999994,5.43E-89,0.999999842,0.999556879,9.39E-06,0.999999826,0.999999988,1,0.000469362,0.999989165,0.001483599,2.64E-13,1,3.77E-22,1,1,0.000548702,0.110479426,0.999999997,1,1,8.04E-07,1,0.999999992,0.99999455,4.06E-48,2.51E-66
1992-06,1.12E-18,7.90E-43,1,0.999999943,7.84E-137,0.99999999,1.59E-24,7.62E-19,8.01E-20,0.038863159,0.998398161,1,2.77E-09,1.61E-12,1,2.52E-12,4.05E-14,1,1,1.44E-08,0.205321816,0.999830565,1,4.76E-56,8.22E-27,0.999996034,0.999976707,2.98E-28,1.40E-26,2.81E-07
1992-07,2.89E-52,1,0.999999999,0.983447398,9.58E-110,8.97E-31,2.76E-48,1.32E-75,2.70E-08,4.10E-14,1.06E-08,1,0.999999984,5.32E-29,1,0.999999797,1,1.56E-97,1,0.300025929,0.000686992,0.001035756,3.75E-24,1,1.11E-28,0.999936887,2.91E-21,5.41E-151,9.79E-19,0.002245634
1992-08,1,0.998189804,1,1,1,0.999987595,1.18E-54,4.21E-06,1,6.60E-11,6.70E-07,8.53E-28,1.21E-07,3.31E-28,1,1,0.999999999,5.17E-19,1,0.002786368,0.999519487,6.95E-08,0.018177765,1.81E-69,1,1.85E-13,0.999999948,2.32E-99,2.41E-09,2.14E-17
1992-09,0.999976504,5.70E-31,1,2.91E-119,5.83E-07,5.16E-20,4.07E-21,1.88E-46,9.92E-39,1,1,3.24E-45,8.59E-17,1.53E-07,0.000185517,0.999999974,1,1,1,2.74E-09,0.001739551,5.05E-11,1,1.62E-16,5.95E-07,0.99999993,2.31E-08,0.006316696,0.966650472,3.75E-12
1992-10,5.38E-09,2.46E-80,1,2.51E-05,1.66E-40,1.81E-37,3.91E-82,1.74E-119,3.82E-68,3.47E-40,2.74E-60,1.36E-130,2.07E-90,2.11E-91,6.84E-26,2.54E-73,7.75E-56,5.46E-73,8.58E-15,2.47E-08,1,4.78E-49,5.98E-97,1.49E-53,1,1.24E-36,6.01E-17,1,2.48E-38,7.78E-35
1992-11,5.38E-05,0.999998787,1,1,1,0.999999953,0.999997194,6.55E-23,1.83E-07,1,4.17E-07,2.89E-05,1,0.997665017,0.99810374,0.999842656,1,0.999999992,0.011309637,8.72E-06,0.040059245,9.32E-07,0.999999997,1,0.002298637,4.13E-11,0.967962675,1,1,0.002193092
1992-12,0.997828439,1,1,1,1.90E-96,1,0.999999891,1.34E-06,0.999999999,1,0.99117407,0.999999261,0.98947254,0.99873361,0.853333339,0.000682469,0.008992084,0.044144566,0.99984983,0.990491965,1,1,0.954775056,0.924222847,0.012943263,0.99884925,0.249765897,0.987763428,0.999999993,1
1993-01,0.998240624,1.01E-11,0.99999998,0.999999972,2.46E-59,0.000774696,1,0.000146587,1,1,0.000338048,0.948460138,0.366372143,0.998850515,0.986851561,1,1,3.39E-36,1,0.013799949,0.999967153,1,1,0.999999937,0.999992696,1,0.000285488,4.33E-30,0.999990969,0.999380978
1993-02,0.997608555,9.95E-18,1,1,6.05E-54,0.999999787,1.70E-06,0.999999884,1,1,4.15E-07,1,1.93E-06,1,7.54E-13,1,1,1.06E-32,0.994319952,0.003557877,0.810521512,0.999999755,0.99970735,0.999999883,1.29E-07,1,7.29E-80,0.000174567,0.993958142,0.999422831
1993-03,0.717304881,3.83E-05,1,0.999999995,0.999723272,1.19E-06,1,4.11E-19,4.94E-06,0.999999998,0.999984435,1,1,2.77E-21,0.9999997,1,1,2.10E-39,1,8.41E-05,1,1.20E-11,1.53E-38,1,1,1,1,0.000206258,1.32E-43,0.999999994
1993-04,0.999999048,0.999999997,1,1.30E-19,1,0.998918472,1,0.999999985,0.032700825,0.999999999,2.03E-05,1,0.000271342,5.64E-16,0.999824772,0.999999648,1,0.014357237,1,1,0.999942671,1,1,0.999999484,1.14E-08,1,0.999999979,4.05E-45,0.015138613,6.34E-06
1993-05,4.10E-06,2.13E-20,2.40E-17,0.999999433,1,0.999999945,1,0.999994671,1,1,1,0.999999997,0.99961753,1,0.966983705,0.999999784,1,1.95E-32,1,0.967387363,0.998792009,1,1,1,0.016249227,1,0.036195115,0.999991971,1,0.99887846
1993-06,0.999991948,0.999998072,0.998361692,1,1.24E-31,0.161932846,1,1.26E-07,1,1,0.979914936,0.002489731,0.999999535,4.69E-06,0.000180625,1,1,1,5.38E-05,0.9997764,0.999999931,0.944496369,0.999999993,0.999690852,0.99999779,1,0.999987519,0.999999315,0.999999999,0.99885895
1993-07,0.999981097,1,1,1,0.999995344,0.999999375,1,1.21E-11,0.999999993,1,0.997943253,0.044614356,0.998961042,1,2.58E-11,3.36E-20,1,1,1,0.999998529,0.999986363,0.999839275,1,0.999999978,0.166994844,0.999999998,0.999999973,0.029640534,1,0.99584963
1993-08,0.999989679,1.09E-22,0.99999974,0.999993693,6.02E-44,0.999999994,2.93E-11,4.90E-28,1,0.999999994,0.028186911,0.987943683,0.999888124,1,0.000939084,0.99999745,0.999999998,0.999999999,1,0.007796832,0.000856024,0.999998941,0.999772095,1,1,0.999944333,2.03E-06,1,0.99999506,1
1993-09,0.823322093,1.57E-35,1,1,1,4.84E-07,0.999997848,4.97E-05,2.76E-22,0.017515983,1.46E-26,0.000147331,0.999947865,3.19E-11,3.99E-15,0.999999986,1,1.38E-09,1,2.83E-06,0.055080649,1,0.549131584,0.013429794,0.012609479,0.185705936,0.999999936,1.49E-18,6.93E-25,3.09E-15
1993-10,0.006149908,2.02E-119,4.07E-05,4.60E-11,1.22E-13,4.41E-35,1,2.44E-41,1.72E-08,1,1.47E-08,0.999910587,8.20E-13,3.40E-29,1,1,5.22E-06,1,1,0.005686823,0.999999979,0.999999998,5.09E-05,1.86E-23,0.437577872,0.999999853,2.19E-131,1.95E-63,2.65E-06,0.998004221
1993-11,2.05E-07,1,1.66E-12,1.76E-24,1.47E-76,1,1,0.999998883,1,1,0.99999244,7.21E-05,1,1,5.69E-16,1,1,0.999059526,0.003208097,2.32E-09,0.999985777,1,0.999998898,0.999999824,2.34E-28,1,3.97E-08,2.01E-33,0.99999661,0.998326828
1993-12,0.999999902,1.80E-05,0.9999594,0.999999999,1,1,1,0.999962848,1,1,0.999884272,0.999999821,1.31E-07,2.13E-11,0.117432476,1,1,1,1,0.963991046,0.999999878,0.999892388,1,2.33E-20,0.999997708,0.999991798,0.999999566,1.25E-16,0.999999958,0.999620832
1994-01,0.999116779,1.33E-10,1,0.999990371,6.47E-05,0.118192699,0.997369767,2.68E-16,0.061452064,1,0.999999841,0.043780195,1,1,0.996726459,1,1,1.82E-17,1,0.999999997,0.972114962,2.22E-05,1,0.999999994,1,1,1,0.979375542,0.999754651,2.37E-08
1994-02,0.999986613,0.999999999,1,0.999999928,1,0.999995231,1,1,0.999991666,1,2.23E-26,0.037716917,0.051369193,1,1,0.99999955,1,4.27E-15,1,0.999999397,0.999999847,0.51708352,1,1.16E-07,1,1,1,1,0.999999986,1.14E-09
1994-03,0.992401978,1,1,0.999999991,5.07E-72,1,0.021277245,1.29E-33,2.88E-05,6.65E-12,6.09E-08,3.45E-06,0.987252181,7.87E-14,1,1,1,1,0.999999999,1.04E-06,0.999975906,2.05E-20,9.12E-12,6.99E-06,1,1,7.93E-08,1,0.000383218,8.06E-15
1994-04,1.87E-27,1.72E-13,0.999999995,0.713167701,1,0.200905602,1,0.15247411,1,1,4.46E-11,0.001019948,3.85E-27,1,0.999999999,1,1,0.00010021,1,0.999153473,0.179610169,1,0.999999941,6.05E-13,5.92E-28,1,1,1.17E-06,0.999410279,0.113708461
1994-05,0.999999777,0.999991978,1.84E-06,0.999981477,1,0.999999831,1,0.999998706,1,1,1,2.53E-14,0.977073819,1,0.999998128,1,1,1,4.09E-11,1.26E-08,0.023443663,0.999999998,0.999999217,0.999999994,2.78E-27,0.999999972,0.999800384,1,0.98472044,0.999974036
1994-06,0.999789048,1,0.999999989,0.737551768,1,1.60E-09,1,6.36E-13,1.52E-07,1,1,3.20E-05,0.210066472,0.999966725,0.999999715,1.60E-05,1,0.000340335,1,0.999097423,2.85E-07,0.973757906,1,0.999999996,7.83E-20,0.026995662,0.999999434,1,0.884646046,0.999997677
1994-07,0.016781475,0.733843166,0.999999914,3.25E-22,5.98E-21,3.89E-23,1,1,0.04486225,1,1,0.971044717,5.23E-17,1,1,0.002209223,1,1,1,0.993868695,4.07E-08,3.14E-05,0.999999664,3.82E-05,4.16E-43,0.999999411,1,1,5.52E-10,5.90E-19
1994-08,0.999797355,8.61E-05,0.999971098,1.41E-07,0.999997176,0.999999785,1.35E-48,0.000681695,0.999999333,3.13E-18,1,0.957336686,0.999999973,0.999999734,0.999997296,1,2.35E-12,1,0.999996386,0.000768295,0.999999468,1.54E-15,0.950535424,1,1,0.054938936,2.88E-10,1,1,1.81E-11
1994-09,0.00842208,8.49E-24,2.23E-22,0.999543452,1.25E-45,3.15E-17,1,0.088500082,9.59E-05,1,2.09E-07,0.999326288,0.997352472,1,1.46E-12,0.031414932,1,0.166336266,1,0.000619688,0.994609156,0.99619614,0.985201808,0.999999902,1,1,3.01E-13,1.23E-11,2.05E-15,0.003578417
1994-10,0.000182181,0.000103152,1.22E-21,3.76E-17,1.44E-66,7.40E-29,1,0.072718435,0.000488047,1,1.43E-09,0.441113148,7.52E-12,0.999615708,0.999989331,4.32E-35,1,1,0.000196066,1.57E-26,0.999788943,0.99224105,1,0.04264348,0.013018556,0.459795137,1,6.56E-72,5.74E-15,0.63250876
1994-11,0.999999014,1,0.999968112,0.000893734,0.002083556,0.999942011,2.17E-08,0.293160416,0.999991668,0.023454206,1,0.999999918,1,0.929741643,1,2.40E-31,1,0.00314907,1,0.00752056,0.999931569,7.26E-20,0.999799225,1,3.20E-06,0.981082774,1.76E-05,1,0.985344187,2.65E-24
1994-12,0.996165493,1,0.018009984,2.91E-09,2.34E-126,3.00E-13,6.53E-16,0.000701059,0.999349097,1,3.05E-06,0.999899982,1,9.52E-09,0.052087051,2.82E-95,9.08E-22,1,1,0.999991585,1,5.98E-23,5.05E-13,1,0.999997452,2.50E-14,0.999324864,3.46E-14,2.27E-11,4.66E-21
1995-01,8.43E-06,0.998033511,3.12E-25,5.98E-15,2.24E-53,9.86E-25,8.99E-05,4.33E-41,1.17E-11,0.999999976,6.87E-21,1,0.006486719,1,2.53E-10,7.48E-77,0.019913065,3.60E-24,0.999990026,0.978913365,0.999842011,4.21E-23,6.85E-62,1.46E-25,2.22E-27,0.003524178,8.37E-16,1,5.08E-29,9.60E-27
1995-02,1,0.998929661,0.999209775,0.999999999,0.999999957,6.50E-06,1,1,0.999999977,0.999363288,0.999989515,0.999989884,1,9.57E-98,1,4.16E-68,0.018021009,1,1,0.986921204,0.999999227,3.93E-16,0.97666927,0.999999999,1,1,1,1,1,8.11E-22
1995-03,0.999890638,1,0.999999826,0.999980052,1.22E-21,0.99999934,1,0.999996264,1,1,1,1.22E-14,0.004365579,5.72E-65,1,2.54E-45,1.28E-06,1,0.000227848,0.000286332,0.003438576,0.999999993,0.135848973,9.88E-54,1.48E-05,1,1,1,0.97158513,0.181351408
1995-04,0.999138671,1.79E-09,0.996770636,1,1,3.59E-09,1,3.52E-40,0.99998086,2.06E-21,1.23E-23,1,1,1.85E-61,0.999891855,3.69E-48,1.17E-50,2.43E-25,0.999999972,0.999949168,0.102028771,1,1.42E-16,4.53E-47,1,0.999998597,0.999979419,1,6.13E-17,5.04E-41
1995-05,0.99633315,1,0.999999995,3.58E-15,2.83E-16,0.999998499,0.581333557,0.999557932,0.997647808,1.11E-18,9.62E-17,0.999999998,0.999999608,0.999949368,0.999987086,4.26E-43,0.999978082,1,5.05E-05,0.009513897,1,9.49E-06,0.999780119,1.06E-17,3.64E-41,4.04E-10,1,4.27E-06,1.03E-16,1.05E-10
1995-06,6.72E-32,7.64E-10,0.000365202,5.13E-58,0.999999995,6.99E-31,1.03E-09,1.54E-19,1.01E-15,3.02E-24,1,9.73E-55,8.53E-49,1,5.35E-11,9.36E-18,0.000113881,1,2.45E-26,2.15E-06,0.002269454,7.43E-43,4.36E-19,9.02E-10,4.82E-299,0.999999998,3.00E-16,1.01E-05,6.70E-57,1
1995-07,4.78E-72,1.39E-138,4.22E-18,1.90E-237,1.83E-24,3.86E-48,2.63E-63,7.50E-109,5.08E-36,7.08E-240,2.01E-150,9.48E-57,8.60E-36,3.18E-130,1.26E-18,3.94E-239,1.94E-16,7.00E-108,2.48E-89,1.56E-37,6.85E-10,1.82E-129,2.19E-60,8.29E-21,1.90E-124,0,1.11E-44,0,1.12E-63,1.00E-80
1995-08,1,0.979308598,0.999999988,0.999986584,0.98607266,0.969915666,1,0.999927196,0.995493853,0.998766749,0.035643363,0.994929645,1,2.70E-10,0.999999999,1,0.999832274,6.97E-26,0.99999978,0.99996267,0.034754696,0.999990783,1,1.36E-07,0.037562411,0.99999925,1,0.000372625,1,1
1995-09,0.999994784,1,0.999999953,1,1,0.999999998,1,0.999931401,0.99999944,0.999890937,0.999997508,1,1,1,1.42E-06,1,6.10E-30,1.08E-17,1,2.57E-07,0.999854484,1,2.70E-08,2.16E-65,0.999525952,0.999997374,1,0.835562566,0.999993909,0.999999994
1995-10,1,1,0.999999985,8.90E-11,2.62E-14,0.999946047,5.49E-13,1,0.031502133,1.55E-12,1.38E-17,6.34E-25,1,0.999999975,4.56E-08,1.21E-43,2.23E-31,5.83E-33,0.999968866,0.000273392,0.012499915,0.136662573,0.10081123,6.09E-10,0.999999997,2.96E-09,0.991212755,1,0.002167198,7.47E-07
1995-11,3.65E-06,0.286037708,1,0.999999841,2.15E-05,0.000495074,1,0.000411021,0.999661191,0.999999462,0.999999999,0.999999913,0.999781085,1,2.25E-24,1.04E-37,1.57E-08,1,0.999998259,4.37E-05,0.999297517,7.21E-26,0.999999998,5.64E-19,9.65E-13,0.00028452,5.31E-24,5.66E-32,7.96E-09,0.042578323
1995-12,0.999985357,2.26E-31,0.999991374,1,0.998951439,0.999989615,7.73E-10,1,1,7.17E-09,8.99E-24,2.69E-12,5.15E-11,1,0.000557345,0.999999775,9.81E-26,6.89E-59,7.42E-15,0.999698475,1.61E-06,1.04E-23,9.65E-15,0.000113793,7.43E-05,0.005872563,0.763924135,0.141523958,1.18E-05,1
1996-01,0.120320204,0.999999998,1,0.999999998,1,0.769419481,1,0.000132817,6.49E-11,0.999989309,0.996978052,0.009992393,0.999999445,0.000667918,0.998478705,0.001620303,1.75E-08,2.99E-32,0.999999996,3.15E-06,0.140999069,0.994165143,1,0.999999975,0.999934154,1,1,1,0.988090808,0.999999114
1996-02,1,7.36E-12,0.999717071,0.99980981,0.999999987,0.999996724,1,0.999312885,0.002791803,1,1,0.999999968,1,3.17E-60,2.06E-19,2.50E-15,4.66E-19,5.12E-35,0.999988462,0.983369431,0.000118416,0.999999973,0.999851637,0.999999988,0.996989943,1,1,0.942294071,0.997001019,0.999998265
1996-03,0.99996065,1,0.006273861,0.963442384,0.971008778,0.999999874,1,0.982099949,0.999994414,0.999994226,0.999996562,0.999999969,1,9.67E-09,0.999934572,0.999978405,0.996432499,1,1.50E-20,2.78E-06,0.999993333,0.999982244,1,1,1,0.999999731,1,1,2.72E-36,1
1996-04,0.999985189,1,0.039464268,1,1,0.999999993,1,0.999999999,0.999999999,0.999976414,0.999992369,0.999998877,1,2.65E-20,1,3.85E-07,0.999999693,1,0.999993862,0.991024298,0.999999109,0.003891239,0.999883946,5.81E-60,0.080266312,0.996295686,0.997174186,1,0.99999681,0.999999985
1996-05,0.86053002,2.94E-50,0.001275776,0.999569153,0.018050791,0.958728899,1.36E-12,2.43E-05,0.999996213,0.999999999,1.46E-08,1.09E-09,1.47E-14,2.66E-23,1,2.60E-79,1.62E-21,1,3.41E-14,0.996469134,0.977269636,0.986092249,0.965605895,0.002475845,2.10E-08,3.56E-62,4.54E-18,3.27E-08,0.999864828,0.012992288
1996-06,0.99999547,5.82E-50,0.999981829,0.998168561,4.86E-06,5.95E-10,0.999999758,5.27E-08,0.99756536,1,1,2.42E-18,5.14E-20,0.980879104,2.73E-26,1.88E-07,2.53E-12,1.18E-31,0.999939049,0.983053959,6.77E-05,1.55E-34,4.15E-21,1.38E-16,2.71E-48,1.70E-74,1,1.68E-109,1.90E-29,4.77E-25
1996-07,2.56E-26,2.33E-73,1,9.61E-12,4.96E-18,1.45E-15,9.31E-20,0.001206775,1.54E-26,4.51E-17,3.00E-45,5.03E-33,4.09E-25,1,8.28E-41,5.17E-46,1.97E-69,1.43E-200,9.47E-42,8.11E-09,2.83E-20,7.08E-56,2.66E-18,7.95E-25,3.16E-60,1.81E-73,4.25E-35,8.76E-41,4.03E-91,1.31E-78
1996-08,0.999823268,9.97E-05,0.028417634,1.63E-11,0.677601501,1,7.30E-09,3.23E-08,6.18E-14,0.000740036,0.486680866,4.45E-34,4.38E-13,0.78796386,0.999382289,1.06E-69,2.29E-77,4.83E-54,1.91E-65,5.71E-06,0.000510479,2.05E-17,1.33E-13,0.999999999,1,4.53E-37,1,0.999907576,0.995645386,0.999999998
1996-09,1,1,3.06E-12,0.071231405,4.24E-29,0.999428166,0.999999982,0.999996497,0.999999998,1.48E-08,0.872776934,6.86E-65,2.98E-08,0.731361212,0.999973312,2.14E-58,5.54E-118,0.919129427,1.20E-57,5.68E-05,0.999818145,0.985822832,0.993731974,0.999999685,1,1.41E-18,0.999619591,1,1,0.99999999
1996-10,7.82E-08,5.05E-31,0.999996029,0.999986493,9.91E-125,0.989960245,1,0.001109985,0.999846218,0.999999997,1,3.79E-16,0.999999998,1,2.34E-36,4.34E-136,5.42E-75,1,5.54E-130,0.396958182,0.021734038,1,0.989870429,1,1,1,5.92E-13,0.000526134,1.04E-07,0.999999979
1996-11,3.07E-47,6.84E-32,4.09E-09,3.51E-15,4.00E-70,0.001267572,1,2.96E-19,2.21E-26,5.34E-42,3.98E-08,7.57E-125,4.87E-08,1,9.85E-19,8.66E-37,6.52E-93,1,6.86E-109,2.52E-62,0.004913714,3.98E-46,3.25E-25,7.14E-26,4.56E-68,1,0.994288996,9.26E-22,3.53E-61,9.69E-101
1996-12,3.87E-81,3.20E-139,0.992033746,0.999999992,5.13E-161,0.002013181,1,0.999999897,7.94E-87,1.37E-99,1.00E-93,1.74E-43,1.78E-65,4.62E-29,3.62E-26,6.29E-98,2.21E-150,3.74E-64,2.22E-209,8.14E-89,4.59E-05,9.05E-139,7.77E-55,1.48E-165,1.21E-40,1.56E-27,1.01E-17,1.77E-147,3.07E-15,1.27E-63
1997-01,1.81E-17,0.999999051,4.28E-09,5.41E-14,2.36E-44,0.019093979,1,0.999999708,0.992131996,0.993066871,2.89E-13,0.936427126,0.999991666,1,0.999949866,0.999401737,0.999999999,0.989802725,5.85E-16,2.97E-58,0.025373842,8.24E-31,1,0.999999463,0.997233889,0.999877289,1.11E-09,1,0.999163004,1
1997-02,3.31E-20,1.21E-26,7.14E-07,0.999560862,2.04E-37,1.87E-06,0.999999837,0.002097171,1.31E-19,3.32E-31,5.39E-29,0.051736004,1,1,0.974609884,0.999992685,2.53E-41,1.47E-42,0.999999817,0.001151517,0.999411948,1.26E-16,5.24E-12,3.11E-10,9.89E-14,3.98E-42,1.55E-16,2.46E-14,1.66E-11,0.000174922
1997-03,1,0.999956248,0.999464269,1,0.001726422,0.991944127,5.62E-20,0.996165409,0.997271917,0.9999995,1.08E-14,0.945396479,1,1,1,0.995360883,2.72E-75,0.138441282,0.999997394,0.000248736,0.999649061,1.03E-10,1.94E-11,1,3.09E-07,0.99483602,0.998164439,0.013801889,0.993715918,1.77E-05
1997-04,1.82E-16,9.23E-25,6.84E-11,0.999992695,0.999999986,1,1.05E-91,4.68E-23,0.999999779,0.999999999,3.57E-28,0.999999957,1,1,1.77E-19,1,7.65E-41,0.914908586,1,0.002425436,1.73E-10,1,2.31E-34,2.42E-23,0.999999999,2.07E-111,3.51E-23,3.52E-13,1,1.95E-26
1997-05,1,0.999999999,0.100157046,1,0.991540868,0.998944181,1,0.99998399,0.999139942,0.999988444,0.999972102,7.94E-06,1,0.99886767,1,0.999979412,4.52E-16,3.42E-21,1,0.030110072,0.999024882,0.999998281,0.004495938,0.071780302,0.000780192,0.999999809,1,0.947763478,1,0.999959194
1997-06,1,1,4.71E-36,1,0.990476753,0.999999989,1,0.999999205,1,1,0.997726458,0.000694589,1,0.999999999,0.998089043,3.17E-05,6.21E-57,5.78E-22,2.77E-58,0.001351123,0.00030469,0.968894178,0.999999982,1.20E-05,0.999227944,6.07E-09,1,1,1,0.012234082
1997-07,0.244432276,1,0.999999848,1.04E-27,0.999999985,0.999142758,1,0.245359704,0.982366019,0.999999979,1,0.005886966,6.44E-11,1.35E-12,0.999999934,2.78E-36,1,8.11E-27,2.92E-152,0.999232348,0.000288274,1.02E-05,4.10E-05,0.005294864,5.53E-14,0.866959172,1,5.55E-05,1,1.95E-07
1997-08,1,0.000206764,0.999987721,0.999999777,0.943000998,0.999999993,1,1,0.999999574,0.978383234,2.28E-07,0.999982497,1,3.28E-15,0.999999955,1,0.838554055,1,3.45E-279,2.60E-05,0.132554303,9.81E-18,1,1,4.58E-41,1,0.988711252,1,2.27E-05,0.999999983
1997-09,0.999999959,1,0.99998725,0.026464345,0.999999999,1.89E-06,0.999999997,0.999967297,1,1,0.999994597,0.999991849,0.998423868,1,0.996550846,3.14E-06,6.59E-07,4.58E-23,2.48E-121,4.85E-05,0.006762801,1,2.02E-05,0.999999999,0.99999865,5.97E-07,0.999999994,0.999993782,1,0.981658059
1997-10,1,0.999997672,1,0.046473601,0.163400281,0.711685628,2.65E-12,0.001072702,0.9806049,0.999999998,1,1.65E-05,1.68E-20,0.999999999,0.00077929,1.04E-29,0.048083215,0.026858151,3.76E-147,0.000438344,8.24E-05,1,6.11E-15,3.96E-11,0.99989829,0.007635835,0.402923691,0.001403712,0.002264546,1.85E-23
1997-11,0.990473195,0.999931967,0.999994297,0.999342107,0.999794933,2.55E-05,1,0.003563773,1,1,0.999999721,0.968877508,1.71E-10,1,0.001095591,1,1,0.999998719,4.01E-19,0.844151209,0.004875557,1,1,2.04E-08,0.966607792,1,0.998899509,8.21E-06,0.999999996,1
1997-12,2.27E-13,5.87E-17,0.001874489,9.36E-29,8.17E-78,1,2.52E-07,0.000290677,0.999999998,4.62E-14,1.06E-06,9.74E-94,3.23E-05,9.89E-07,1.88E-14,1,1.07E-70,8.90E-18,6.15E-28,0.92106604,0.001831076,5.90E-20,0.038932372,1.92E-05,3.10E-17,6.50E-56,4.03E-21,2.73E-09,8.36E-05,0.041318177
1998-01,0.99999778,6.11E-06,0.999980594,0.999999915,1,0.973999557,1,0.999999966,2.59E-07,3.85E-09,0.999999999,9.88E-45,0.987623941,0.996141543,0.999999989,0.999999168,1.54E-15,9.40E-22,7.51E-72,0.000684204,9.07E-06,0.999742233,1,1,0.9986959,1,1,0.999629243,0.165143023,1
1998-02,0.983986332,1,0.983981268,1.27E-15,7.78E-30,1,1,0.999999999,1,1,1.27E-10,0.978591229,2.55E-34,0.99161401,0.968025262,6.54E-13,1,0.00650811,8.88E-24,0.001726972,0.000196928,0.999709376,0.000185478,0.001974296,0.999840598,1,0.999999959,1,1,0.045884112
1998-03,0.005254802,0.999999957,0.999646441,1.77E-30,2.67E-23,5.11E-06,1,5.53E-32,0.99999672,1,0.018070121,9.61E-15,2.66E-22,1,5.02E-15,1.56E-41,1,4.01E-47,3.13E-17,0.998738626,0.104812956,3.19E-39,7.65E-15,0.999999233,1.14E-36,0.02248916,1,9.54E-33,1,1.21E-26
1998-04,1,0.997580137,0.994045801,4.67E-62,1,0.063151105,1,9.32E-26,6.86E-30,1,0.999995242,0.970671755,1.74E-20,4.09E-41,1.64E-60,1.77E-30,0.999999309,0.999999997,7.45E-23,0.000183917,0.044062595,7.37E-34,1,0.999999986,5.55E-29,0.999999584,1.48E-14,1.48E-20,0.728482368,2.00E-05
1998-05,3.17E-16,1.13E-11,0.999999992,2.84E-38,0,1.60E-15,1,2.97E-29,1,1,0.999994129,2.55E-36,4.60E-07,8.22E-16,0.999999234,5.39E-144,9.29E-46,2.90E-50,8.11E-85,8.73E-08,0.001879382,1.04E-06,4.62E-08,4.61E-14,0.999999911,0.999991915,4.04E-21,1.44E-61,0.999999981,1.97E-42
1998-06,0.999933456,0.999999991,0.999999356,0.999999856,0.001411292,4.10E-06,1,0.138652558,6.34E-36,0.999999981,2.42E-54,5.56E-08,5.54E-29,0.60692852,2.73E-06,3.06E-20,8.02E-58,1,1.87E-77,1.38E-05,0.000973753,2.48E-14,0.999999995,3.58E-15,4.81E-22,1.63E-26,1,0.006923164,0.001775882,1.08E-27
1998-07,4.28E-64,0.008746934,0.988385503,0.998353738,5.98E-19,0.998699933,0.994634157,1.42E-07,1,0.001155628,0.999999864,0.998025675,2.74E-11,2.63E-10,1.15E-21,0.000794559,1,1.78E-35,8.99E-53,0.000657368,0.97031274,1,1,0.999996836,0.999997636,0.999999857,0.989012842,2.51E-17,5.17E-16,0.999999569
1998-08,1.05E-05,1,0.052678735,1,0.994508085,0.005568964,1,0.999979678,0.001673677,1,9.95E-25,0.999783522,1,0.000312609,0.95286909,0.999969772,1.62E-31,1,2.69E-64,0.000255915,0.000103546,0.999993471,0.999999995,2.15E-88,0.999978776,1,1,0.999999965,0.022070842,0.984587731
1998-09,1.97E-09,3.97E-05,0.000331099,3.66E-13,8.37E-10,0.999504208,2.49E-32,0.634287463,2.14E-08,1.79E-105,1.00E-13,2.00E-42,0.254350792,1,2.95E-30,5.99E-43,6.60E-57,2.56E-34,1,0.000203553,0.99836043,1.83E-12,2.48E-27,1.81E-27,2.64E-21,2.37E-11,0.999990908,1.97E-17,0.001946014,7.85E-10
1998-10,6.93E-07,6.18E-32,4.70E-06,0.774675922,3.56E-11,3.45E-05,1.59E-31,0.999999081,2.04E-32,4.17E-25,0.999999735,9.59E-28,1.55E-39,1,1,0.009058745,1,5.60E-07,2.62E-130,4.84E-05,4.06E-07,5.80E-47,4.23E-06,0.999999941,1,7.22E-20,0.999924911,0.99762916,8.54E-08,2.39E-15
1998-11,0.994310228,4.13E-23,0.02043749,0.999999999,0.012116386,0.00166642,1.26E-38,0.023821467,2.68E-24,3.58E-47,1.66E-06,1.59E-17,6.06E-39,1.43E-17,2.23E-08,1.82E-30,8.28E-06,4.15E-32,8.09E-140,0.003234426,3.29E-08,1,1,1.84E-09,7.98E-13,0.007052431,0.454819772,0.026068545,8.03E-10,0.9981397
1998-12,0.999999774,0.999965492,0.000386849,1,0.999998976,0.999773856,0.000821759,2.87E-05,0.895299969,1,1.66E-06,1.17E-11,1.32E-26,0.999999978,1,2.63E-07,6.48E-20,0.01225843,1,0.004412068,0.986864481,1,1.56E-44,0.99999989,0.999999672,0.903453946,1,0.99928668,0.967225716,8.83E-09
1999-01,0.720507132,4.76E-29,9.18E-05,1,1,0.999996089,1,0.986547108,0.998071284,1,3.94E-11,0.999582834,2.00E-10,1,1,0.00183179,0.999999967,2.18E-06,1,0.000199931,0.827143886,1,1,1,1,0.998536546,1,0.001020529,0.933026448,0.020990417
1999-02,6.28E-07,1,0.317144639,1.22E-53,2.25E-26,0.999922219,0.999999989,4.11E-05,1,1,4.89E-07,9.27E-36,1.00E-41,0.999999985,0.973824953,1,1,1.15E-72,7.09E-11,2.66E-05,2.32E-39,1.06E-26,1.77E-23,0.999987388,8.65E-116,0.999999351,7.49E-08,0.001047166,4.00E-31,0.999992061
1999-03,1,1,0.218967103,1,4.05E-28,1,1,0.998332487,5.23E-11,3.53E-05,1,0.999998483,8.04E-18,0.000195189,0.013486665,0.040767433,1.51E-20,5.89E-16,3.46E-42,4.00E-07,0.000592754,0.999860001,0.999999999,2.32E-05,0.000503102,4.04E-22,6.44E-06,0.034958311,3.97E-13,0.000754628
1999-04,0.98970106,4.32E-24,1,0.999945195,2.25E-19,8.08E-09,3.73E-19,7.38E-07,1,2.83E-14,0.9999887,1,3.12E-22,3.45E-56,1.08E-11,1,9.03E-13,2.83E-47,2.61E-59,3.95E-09,0.00211562,7.35E-52,0.999937526,1,1.53E-42,0.999955588,5.39E-21,0.004953237,1.45E-28,4.70E-10
1999-05,1.10E-11,0.999999988,4.29E-64,1,4.01E-206,1.25E-53,9.91E-47,5.81E-33,1,1.22E-46,1,0.000887979,1,2.90E-61,7.01E-64,1,2.55E-79,1.39E-07,1,8.77E-53,1,1.98E-35,1,1,1,1,1,1,1.55E-51,1
1999-06,0.999973912,0.00035708,0.999981516,0.999999999,1.55E-14,0.002137124,5.46E-41,0.006414119,0.999999646,6.53E-13,1,4.99E-06,1.04E-06,1,8.98E-31,0.791188635,8.95E-08,5.16E-72,1,0.000396595,0.002994217,4.12E-29,5.67E-25,1,1.38E-44,0.998834316,1.87E-39,3.74E-05,5.10E-34,0.001909445
1999-07,7.66E-12,1.04E-34,6.36E-13,1.88E-41,7.16E-162,1.18E-54,2.74E-78,4.06E-11,9.83E-24,9.13E-38,6.81E-99,1,1,2.71E-11,1,1,9.48E-52,8.01E-17,0.999999993,1.86E-05,3.43E-29,6.23E-56,1,5.28E-61,5.08E-51,0.999999941,0.999999989,1,2.13E-94,1
1999-08,0.999999704,1.31E-12,0.446459755,4.39E-71,1.42E-57,4.73E-14,1.08E-18,0.014328457,0.999998953,1,4.62E-29,0.985940288,1,0.009998793,6.20E-11,1,1.44E-36,1.71E-15,8.42E-05,0.642225348,0.001559827,6.17E-23,1.15E-19,0.999967328,4.00E-15,0.001800035,1.21E-07,1,0.285637614,5.04E-93
1999-09,0.999999972,0.999996379,0.999999976,6.00E-78,0.182834841,0.999983357,2.30E-42,0.999976903,0.000387378,8.72E-51,1.39E-16,1,1,1,0.001620105,0.993306261,2.60E-41,3.65E-24,0.027947973,0.951129889,6.97E-05,1,8.16E-09,1,6.46E-06,0.999999993,0.999999758,0.999960135,0.999808112,3.00E-09
1999-10,0.999999972,1.51E-09,0.450292226,1,5.37E-17,6.26E-06,9.07E-06,0.999999493,1.75E-09,6.94E-24,9.51E-15,1,3.07E-06,0.999999419,0.999999928,7.07E-06,3.98E-46,8.50E-16,1,0.000626315,3.51E-25,5.01E-08,3.15E-12,1,1.12E-20,0.584281973,1,1,0.004493898,0.999877597
1999-11,0.999999993,0.999986023,1.99E-15,1,1,1,3.25E-34,5.25E-06,1,3.30E-56,0.000229978,1,0.948959067,0.001551707,0.012680606,1.65E-14,4.35E-73,8.17E-61,0.000458654,0.000635237,2.74E-15,0.999997486,1,1,0.000172804,0.000183062,1,4.95E-35,2.33E-16,7.69E-18
1999-12,0.914654237,3.93E-25,0.999999993,6.88E-64,1.93E-44,1,1.13E-30,0.999999991,0.999999996,1,0.000768459,0.997689196,0.999999983,1,1,0.000429142,1,2.21E-20,1.26E-12,0.00020294,0.999826129,1,4.48E-08,0.067349777,1,0.955125489,6.48E-45,2.20E-08,4.01E-30,0.999999979
2000-01,7.47E-10,0.999994988,0.989252743,1,1,0.000316378,3.65E-12,0.999729957,2.74E-11,1,0.715362109,3.80E-10,9.18E-12,1,1.14E-41,1,1.71E-15,5.62E-62,2.03E-20,4.62E-06,0.797515605,1.71E-07,0.999999989,2.37E-12,1,1.18E-06,0.000287857,4.49E-13,0.337105951,3.32E-10
2000-02,0.006041346,1,1,1,0.95872416,0.999999996,1,0.999975942,0.999999989,0.000116146,0.999998202,3.10E-18,1.12E-07,2.80E-31,2.82E-06,7.90E-10,4.45E-24,4.69E-30,1,0.000842058,0.003440225,4.21E-29,1.75E-17,2.01E-14,5.61E-22,0.874092273,3.70E-05,1,0.999999514,2.46E-05
2000-03,5.46E-08,4.01E-40,2.61E-15,0.00059585,0.987509792,5.23E-14,3.71E-53,2.29E-05,2.13E-10,2.08E-08,0.999999945,2.08E-06,1,1.08E-18,5.83E-06,0.999784268,1,3.47E-145,0.60343561,0.176410371,0.999944772,6.77E-17,2.95E-36,2.60E-38,1,5.52E-08,0.133253863,7.59E-12,4.85E-27,0.999978422
2000-04,4.61E-06,2.82E-23,0.993674558,6.25E-77,2.48E-27,1.38E-10,0.02785396,5.20E-21,1.18E-06,0.961702594,2.07E-08,0.999989292,1,3.47E-57,0.999967161,9.07E-46,1,3.28E-18,2.56E-35,0.983250013,1.28E-06,5.78E-66,6.89E-102,1.06E-21,2.37E-10,0.999979617,5.67E-20,0.333233469,0.000690641,0.998038933
2000-05,1.24E-34,0.999921101,1,1.33E-05,1,5.76E-20,1,0.999999998,0.059862267,1,4.40E-07,0.983967713,1.18E-06,1.44E-11,0.999996544,7.38E-45,0.00014309,1.54E-156,0.00206132,0.003277615,1.86E-06,1.58E-21,3.13E-32,1,3.07E-06,0.001949084,0.999758468,4.16E-06,2.59E-37,6.17E-17
2000-06,2.42E-05,0.999823232,1.65E-09,1,1.32E-06,0.996589944,1,0.005825539,0.999998571,0.999999997,1,4.97E-08,1,1,6.97E-17,0.990955115,1.50E-38,1.52E-12,1,7.78E-05,2.02E-07,4.57E-07,2.09E-65,0.99912435,1,0.995744881,0.012472138,1.06E-29,1,5.99E-07
2000-07,0.999999986,1,0.999997517,3.34E-26,2.28E-42,0.999839574,8.53E-16,0.994757217,1,0.999798375,0.999999997,0.997436452,0.999980083,1,3.01E-10,0.999999946,1.30E-29,2.34E-84,4.62E-39,0.002741081,8.80E-06,4.50E-104,4.06E-109,0.999975354,1,0.999989746,0.999547872,0.999862178,1.38E-19,3.30E-10
2000-08,1,0.99998395,0.999984311,0.999999998,1,0.038071325,1,0.000289368,0.999999981,1,1,2.79E-22,1.53E-08,8.47E-53,0.998312565,0.981452648,4.24E-26,9.86E-20,1,0.960594616,5.98E-06,1.15E-32,3.10E-87,1.80E-26,1,0.023290447,0.999998975,0.999999997,4.11E-30,0.000787898
2000-09,1,7.07E-12,0.999725922,0.002089572,3.57E-28,0.010312992,1.64E-49,9.86E-11,0.999985604,8.50E-05,0.000671394,5.19E-12,1,1.50E-05,0.997718033,4.81E-06,1,3.25E-15,2.59E-32,0.028816526,0.046124196,7.10E-11,1.56E-29,0.999999921,0.08723116,0.959590695,2.91E-29,6.62E-16,1,4.57E-12
2000-10,1,6.57E-26,0.259095494,0.999999231,8.69E-15,7.29E-15,2.41E-31,0.999999998,1.46E-09,2.92E-13,7.66E-10,6.01E-15,1,1,1.55E-28,2.74E-13,1,6.55E-99,2.23E-67,0.606285721,4.50E-06,5.06E-23,1.60E-68,0.999076857,1.71E-39,3.25E-14,0.999490266,1.45E-09,7.96E-23,4.37E-10
2000-11,1,3.13E-22,7.19E-09,3.53E-06,4.92E-52,1.32E-15,1,0.99993073,3.91E-12,1.58E-21,0.078748482,1.13E-39,0.999995765,1,4.40E-16,9.09E-81,1.03E-10,1.25E-91,1,0.000351163,6.12E-45,3.62E-11,2.41E-10,2.87E-07,1.74E-22,0.99999554,1,0.002859959,7.85E-30,0.999999904
2000-12,0.866308281,1,5.69E-50,4.74E-09,1.12E-11,0.996741482,1,0.001578664,1,1,0.999999999,5.11E-16,5.36E-13,2.22E-78,4.16E-09,3.46E-12,0.998808981,1.94E-62,1,0.001635998,0.999999998,1.07E-33,6.27E-80,1,0.093796985,0.992922479,0.408615892,0.999968903,1,0.197374309
2001-01,1,1,1.01E-69,2.09E-18,2.31E-09,1,1,0.000331601,0.000852664,1,1,2.36E-20,3.96E-07,0.999999997,0.027293366,0.000227647,1.08E-09,2.07E-57,1,0.001171911,1.80E-06,0.999991566,1.21E-65,3.89E-06,1.60E-22,9.20E-24,1,0.999885827,1.28E-36,1.60E-08
2001-02,0.989275686,1,9.33E-06,2.40E-27,0.998116684,0.999999999,1,5.77E-13,1.22E-09,1.50E-24,4.90E-36,1.03E-53,5.53E-23,1,3.09E-21,1.56E-06,1,1.77E-88,6.60E-49,0.010881417,1.40E-66,4.83E-60,9.63E-72,3.42E-17,8.15E-75,0.999986516,3.42E-15,0.999881885,1.87E-29,1.21E-06
2001-03,1.06E-08,1,0.99960531,1,2.83E-33,1,0.999977525,0.999956452,0.998385471,0.02838809,1.34E-05,0.999999999,1.85E-24,6.55E-82,1,3.04E-27,3.27E-69,2.45E-57,1.01E-24,0.000409226,1.41E-111,0.00217503,6.00E-80,0.000774299,0.999994691,1.80E-17,7.03E-09,0.671786085,2.23E-30,6.24E-17
2001-04,1,6.94E-23,1,0.999993342,0.710867385,5.39E-23,9.75E-16,0.959723983,0.002126985,1.60E-10,1,1,1,1,0.993253274,7.94E-15,4.09E-107,4.20E-34,1.26E-105,0.001859506,3.06E-08,1,1.96E-61,0.99802121,0.000109893,0.999995335,0.99991613,1,0.999999724,1
2001-05,2.78E-17,1.26E-77,2.52E-11,1,6.45E-50,1,6.03E-12,0.000515652,5.01E-28,2.95E-16,1,0.999999161,1.49E-13,8.68E-06,0.001586342,1,1.74E-73,2.42E-119,5.92E-60,1,0.999141031,1,1,0.01082486,0.999821041,2.94E-12,0.000659345,0.497991398,2.77E-78,1
2001-06,0.999970564,1,0.999999855,0.994311539,0.001176928,0.999999945,1,0.000204173,1.75E-08,2.43E-09,1.10E-14,1,6.36E-43,1,1,1.08E-42,1,3.73E-70,1,0.000782625,0.999135144,1,6.20E-71,0.999973012,0.999998173,0.993725005,1,1,0.999983843,0.998731623
2001-07,1,1,2.62E-06,0.999999998,6.08E-18,1,1,0.99999775,1,0.98666014,1.90E-12,4.21E-45,2.83E-17,5.17E-17,0.022503869,1.22E-20,0.999989905,1.50E-46,1,6.25E-06,3.70E-82,1,5.90E-27,0.999999999,1,3.12E-06,0.99999999,0.999451664,1.01E-23,0.999999995
2001-08,0.865737503,1,1.06E-15,0.120148221,2.67E-11,0.989389139,1,0.99967422,1,0.767053054,0.990988599,0.877796887,0.139493162,0.99968133,3.00E-05,2.85E-25,8.49E-06,5.07E-16,1,3.68E-06,3.96E-96,8.61E-11,3.66E-19,0.999996072,7.03E-05,3.04E-08,3.76E-05,0.99989708,1,0.999626319
2001-09,1,1,1.89E-08,3.72E-17,1,0.999693078,0.99999676,0.999999995,0.999997685,1,0.999831128,1,1,1,1.08E-12,2.76E-12,6.40E-17,1.50E-35,1,0.013876924,3.09E-07,6.68E-08,5.01E-25,1,1.28E-27,0.775340342,0.999929434,5.30E-09,7.41E-62,0.999999938
2001-10,0.983336342,5.16E-06,0.87755073,1.79E-07,8.85E-110,2.24E-27,4.89E-18,1,0.003766962,1.54E-34,1.13E-107,1.12E-74,2.93E-24,3.05E-73,4.73E-09,4.23E-54,2.63E-29,5.70E-33,1.15E-10,0.002078641,1.14E-50,6.48E-83,5.32E-63,3.19E-08,1.16E-30,1.35E-21,8.64E-72,2.68E-57,2.25E-15,5.54E-15
2001-11,4.88E-08,1,1,4.89E-05,1.37E-21,1,1,0.999984109,0.999997024,3.79E-05,0.999963723,4.61E-11,1.76E-19,1.15E-35,0.999962907,0.999990788,1,4.94E-18,0.190071401,0.996747421,1.74E-15,7.87E-51,5.57E-47,1,1,3.47E-07,0.999999999,4.10E-09,2.22E-32,0.999999996
2001-12,4.83E-12,1,0.999999989,2.24E-18,1.39E-10,4.64E-12,5.90E-10,0.999230824,0.999999981,4.44E-24,4.94E-08,1.06E-32,5.24E-39,6.28E-38,1.52E-08,5.56E-23,7.32E-06,2.64E-29,1,0.869459281,0.000854651,1.09E-37,2.88E-36,0.999989518,6.67E-05,0.99877032,6.29E-12,2.38E-11,1.88E-13,0.996957208
2002-01,2.74E-18,1,2.23E-29,2.11E-38,2.52E-38,0.999995262,2.95E-05,1.62E-06,1,8.29E-10,0.02335472,1,1.98E-20,1,5.04E-07,3.19E-17,2.36E-08,1.62E-43,1,0.001518642,0.999996859,1,7.41E-27,0.99995454,1.45E-08,0.999999998,1,2.09E-07,0.999999741,0.995011148
2002-02,3.23E-43,3.71E-11,1,1,1.02E-61,0.284099908,1.02E-09,8.64E-16,0.000358435,0.999999804,1,1,0.999999614,1.41E-07,3.09E-05,1,1,1.41E-86,1,6.58E-07,2.43E-51,1,5.67E-41,0.02445784,1,1,3.93E-19,8.92E-09,0.008584927,5.60E-06
2002-03,1,1,1,1,1,1,0.999999998,0.999993269,1,9.66E-05,1.74E-07,1,1,1.20E-82,0.999998838,1,1,1.73E-108,1,0.000103669,8.77E-08,1.13E-94,1.17E-88,0.999999985,1,0.899340134,0.988777954,1,0.999999912,0.884559488
2002-04,1,1,0.008544671,1,2.57E-08,1,1,0.020432744,0.999992513,1,0.999531858,1,0.999999929,1,8.80E-16,1,9.82E-12,6.62E-179,1,1.28E-12,7.33E-37,1.47E-15,4.99E-26,1,1,0.999923272,0.002638384,0.001848291,0.020068419,0.997591478
2002-05,1,1,0.999999957,1,2.17E-12,2.49E-14,0.999999991,0.999999998,0.999999994,1,0.000294666,1,1,1,1,1,1,2.71E-100,1,2.44E-95,2.04E-32,1.17E-23,3.82E-29,0.994988312,2.23E-34,0.002077612,3.15E-07,1.30E-06,1,0.00706324
2002-06,0.99999996,1,0.010567704,0.00019175,2.36E-26,6.04E-18,4.65E-17,0.001748829,1.28E-06,1,7.52E-05,1,3.23E-06,1.31E-47,0.530253902,2.08E-59,1.50E-11,2.93E-150,1,0.014638745,1.51E-36,4.91E-06,3.11E-19,1.67E-28,1.18E-20,3.10E-15,0.29341225,2.71E-09,2.49E-34,1
2002-07,3.06E-05,0.99799529,1.83E-29,1,1,7.63E-07,1.54E-15,5.15E-13,0.997766126,3.04E-29,1,0.999999978,1.63E-09,0.998429242,0.000367697,0.987408254,1,1,2.26E-22,1.31E-08,2.07E-84,8.29E-44,3.07E-37,1,0.999999991,1.00E-32,1,0.000835204,4.26E-17,6.74E-23
2002-08,6.98E-72,0.999998841,5.60E-09,8.50E-49,1,4.97E-52,1.78E-66,1.01E-07,1,3.25E-32,0.999988001,5.36E-35,5.03E-50,1.29E-83,1.11E-109,0.000384097,0.99975645,2.62E-101,1.97E-50,3.69E-05,4.14E-75,3.06E-38,1.33E-109,1,3.39E-29,6.05E-36,1.73E-69,1.60E-36,1.29E-10,1
2002-09,0.999999981,1.35E-31,6.78E-13,0.908269108,3.83E-160,1,1,0.999995445,0.999722399,1,1,3.19E-29,6.56E-25,1,0.973836457,0.006215713,0.999999985,4.05E-21,1,0.949815209,1.06E-50,3.63E-24,3.73E-60,0.915327986,1,1,5.25E-09,1,1.76E-09,1
2002-10,7.85E-12,1,5.72E-142,1,1,1,1.68E-13,9.34E-05,0.239612363,5.36E-24,1,9.83E-27,2.07E-59,3.53E-13,1.83E-12,8.60E-10,0.999999978,1.83E-103,1,8.57E-06,0.999999963,3.22E-52,1.42E-48,2.77E-11,1.31E-21,3.43E-13,7.55E-43,5.03E-07,4.98E-32,5.15E-19
2002-11,1,3.15E-11,1.64E-33,1,1.24E-47,2.14E-22,1,3.05E-05,6.73E-19,1,1,5.53E-34,1,1,5.88E-71,1,1,1.23E-53,2.28E-50,0.000204447,2.03E-57,0.481649188,7.66E-42,6.28E-22,1,1,1,5.20E-45,1,0.999999996
2002-12,1,1.43E-23,4.44E-49,1,1,1.61E-32,0.000224811,1,1,1,1,4.94E-26,7.16E-18,1.65E-14,1,1,0.001608068,2.43E-63,1,1,2.10E-46,6.59E-14,3.42E-50,0.999998662,0.983658424,1,4.12E-41,1,1,1
2003-01,1,0.99999935,0.999076965,1.71E-05,1,9.39E-09,1,0.000428557,6.16E-08,1,0.769766167,1.77E-22,0.99998306,2.15E-10,0.997386942,1,1,3.06E-61,1,2.38E-05,8.37E-51,9.47E-22,6.70E-48,0.99999999,1.89E-14,1,1,0.999569263,3.57E-29,1.06E-05
2003-02,2.86E-19,3.65E-07,4.11E-10,2.55E-25,2.74E-160,1.60E-29,4.37E-14,0.999975975,0.999216083,7.15E-23,0.999745684,2.23E-20,5.08E-12,1,7.25E-14,1,0.999999524,9.52E-104,1.74E-16,0.999803356,1.09E-35,0.000107904,3.06E-87,0.999991016,0.999999974,0.018877796,1,1,1,0.958436726
2003-03,7.34E-24,1.34E-24,1.78E-11,1,7.43E-90,1.32E-19,0.999999824,0.99999995,3.69E-06,0.999999053,0.999999677,3.71E-116,6.00E-24,4.54E-07,4.16E-07,1,0.999999994,2.35E-63,4.70E-28,1,1.23E-63,0.008266388,1.54E-61,0.999999003,5.23E-22,2.34E-05,7.82E-05,0.999999999,1,6.65E-18
2003-04,1.01E-44,1,1.83E-14,7.38E-34,3.01E-118,1.64E-99,0.000473966,2.69E-08,0.99999956,0.999998612,3.05E-29,3.20E-54,8.09E-23,5.47E-31,9.21E-15,1.77E-135,0.998631215,9.22E-123,4.27E-72,1,1.66E-12,1.21E-21,1,2.20E-11,5.58E-30,0.999602743,1.80E-33,2.51E-89,1.33E-19,1
2003-05,2.29E-19,1.34E-05,8.81E-16,1.78E-19,1.30E-42,3.16E-09,7.63E-06,3.95E-24,1,0.005589917,0.999999987,2.10E-21,1.04E-26,1,1,1,4.12E-80,7.27E-85,9.34E-89,5.63E-69,1,5.87E-15,1,1.37E-09,1,8.35E-09,0.001217828,2.45E-11,3.10E-35,1
2003-06,6.92E-144,4.01E-28,2.78E-27,1.86E-60,4.08E-48,7.66E-38,9.62E-33,6.40E-77,1,1.56E-16,3.50E-18,3.04E-39,9.46E-06,3.15E-08,0.00011929,1,0.048833616,6.51E-128,1,1.29E-54,7.59E-93,1.11E-35,3.19E-17,2.35E-05,0.999999999,8.80E-44,0.002993622,1.19E-26,4.51E-33,7.86E-60
2003-07,8.63E-42,1.84E-12,1.98E-12,1,4.64E-42,1,1.48E-07,4.04E-05,0.005493769,1.29E-32,1,0.999945349,1,5.25E-10,1.06E-27,4.88E-08,1,1.96E-25,1,0.738754371,1.56E-217,0.598603872,9.09E-22,1,1,1,1.88E-10,1,0.000759638,1
2003-08,1.63E-06,1,5.87E-26,1.49E-24,2.10E-91,1,1,1,1,4.87E-30,0.996936281,0.99996076,0.999415423,0.003763336,1.54E-09,0.000326011,0.008699549,5.61E-126,1.09E-09,9.06E-05,1.00E-78,1,1,1,2.49E-08,0.985416705,0.932003514,0.999999999,1,0.998840047
2003-09,3.72E-10,8.80E-72,1,1.51E-53,0,8.39E-31,5.73E-19,6.71E-20,2.99E-12,1,0.999999893,1,1,1,4.23E-70,1,0.999982052,0,5.99E-32,3.52E-05,1,1.91E-13,1,4.85E-69,9.53E-17,0.999797144,2.07E-53,3.09E-43,5.13E-13,8.31E-63
2003-10,1.72E-63,2.41E-133,1.11E-86,1.32E-34,1.41E-109,1.69E-61,4.99E-31,1.80E-12,1.89E-72,8.00E-11,1.08E-79,0.999999987,1.29E-61,0.002244524,3.15E-68,4.19E-44,2.34E-53,1.83E-60,6.90E-62,1,1.81E-86,3.97E-141,7.49E-67,4.12E-132,7.87E-47,1.84E-23,0.000111051,5.92E-65,1,8.35E-24
2003-11,0.999942487,0.997908183,1.35E-05,1,4.23E-134,0.899500333,2.80E-27,1.11E-34,0.033044554,1.91E-07,5.97E-26,0.359469366,5.36E-11,1.09E-38,1.42E-34,1,1.07E-05,3.35E-223,4.67E-21,0.999937759,3.67E-139,0.999994805,1,1,1,0.011451184,1.53E-05,1.59E-36,9.08E-12,0.005774628
2003-12,0.005712385,0.999999998,1.09E-33,1,1,1,0.999999853,0.999998269,1,1.26E-12,0.999999887,0.999999996,1.03E-20,4.43E-43,0.609373046,1,1.24E-73,1.86E-62,3.29E-102,1.65E-36,8.32E-97,1,1.20E-18,1,1.05E-05,1,1,1,2.17E-08,5.65E-33
2004-01,1.86E-37,0.999999697,1,1,2.04E-47,1.18E-07,2.56E-06,0.999932458,1,4.84E-16,0.999974605,0.999997325,1,0.999999997,0.000410683,4.01E-136,0.999999978,6.95E-45,8.11E-11,0.954322229,6.36E-79,1,1,0.999996766,0.999999999,0.214335718,3.53E-19,1,1.10E-94,3.36E-93
2004-02,1,1,6.46E-09,1,9.78E-84,1,0.999892752,0.999999992,1,8.66E-28,0.753012589,0.000185943,1,1,1,0.967618696,0.999999976,2.59E-31,1,0.999648141,1,1,1,1.82E-05,1,1,1,1,0.000111653,1
2004-03,2.28E-09,0.999899808,1,1,1.51E-93,1,1,1,1,1,7.13E-17,4.25E-28,7.66E-14,1,1.44E-49,1,3.11E-16,5.46E-32,7.82E-07,0.935304275,1.80E-31,0.990098884,1,1.48E-31,1,1,1,1,0.998018085,0.999999776
2004-04,1,1.30E-15,9.40E-34,1,1.13E-102,1,1.09E-16,1,4.72E-66,0.999989593,9.26E-30,1.97E-21,0.99999997,0.999920684,7.14E-38,1,1.45E-142,0.999827435,0.999999908,0.999451048,7.79E-11,1.89E-18,0.753034662,1.26E-08,3.48E-18,2.56E-14,1,0.999999516,1,1
2004-05,4.41E-13,1,1.29E-66,1,4.71E-52,0.034376901,0.000236571,4.92E-48,1,1,0.965328846,2.03E-65,8.19E-27,1,2.06E-52,5.55E-08,6.04E-79,1,0.999927341,1.62E-08,3.46E-10,2.01E-45,3.60E-51,2.11E-18,1,0.075805001,1,2.75E-31,0.999999819,1
2004-06,4.93E-43,6.10E-100,1,1,8.57E-273,3.11E-97,9.90E-119,4.83E-40,1,1.05E-22,1.66E-225,1,7.32E-161,4.24E-14,1.21E-39,0,2.94E-146,6.32E-42,8.91E-84,2.99E-23,6.03E-05,1.80E-146,4.71E-68,6.11E-161,1.77E-186,7.49E-273,4.96E-177,2.43E-57,1.67E-161,8.99E-171
2004-07,1.51E-282,0,1.69E-242,0,0,0,0,2.64E-240,0,0,0,0,0,2.66E-78,0,0,3.07E-227,1.12E-141,0,5.76E-28,1.29E-189,0,1.89E-244,0,0,2.27E-79,1.83E-83,0,0,0
2004-08,7.82E-48,1.82E-40,1.55E-35,1.33E-37,6.74E-43,2.62E-222,3.11E-67,1.28E-05,2.40E-41,6.41E-36,1.15E-42,1,0.022029377,0.999940604,1.63E-17,1.96E-64,1,7.23E-36,9.49E-94,0.999924085,1.22E-64,1.75E-33,0.999225452,0.999975872,1.05E-44,0.999999996,3.00E-73,1.20E-52,4.39E-22,3.36E-12
2004-09,1.29E-10,2.52E-50,5.50E-22,2.80E-28,7.61E-42,9.42E-10,1.27E-15,0.017488656,2.25E-42,2.60E-41,1.21E-50,6.77E-09,1,3.46E-70,1.75E-25,3.04E-87,2.66E-13,1.10E-23,8.18E-18,0.998789477,0.999999742,4.07E-26,1.86E-05,8.21E-38,1,1.96E-34,9.28E-28,4.78E-19,0.999672115,4.45E-46
2004-10,1,1.07E-06,1,0.999997212,0.510483646,2.89E-05,1.89E-22,6.89E-06,0.999999322,2.33E-61,6.33E-32,1,4.84E-09,0.999998181,0.000111134,3.84E-59,4.45E-38,4.10E-280,7.66E-23,1.51E-06,0.999994282,1,1,0.999998336,1,1.17E-13,6.29E-38,0.000479028,1,0.999999987
2004-11,1,0.998987826,1,1.08E-08,6.90E-25,5.43E-09,9.39E-17,1.74E-62,2.16E-09,6.30E-59,5.65E-56,0.020751267,0.999999999,1.36E-26,9.15E-09,1,1,1,0.999982935,1,1,1,9.29E-21,1.01E-10,2.57E-22,1,8.34E-26,0.000652951,1,1
2004-12,1,1,1.24E-06,1,5.65E-15,4.42E-18,1,4.39E-35,0.999888416,1.34E-32,0.999991837,1,1,6.39E-10,1,2.52E-37,0.02590985,9.88E-73,1,1.11E-07,0.99999999,1,9.52E-43,0.999991792,0.999999476,1,0.999999831,0.999987841,1,1
2005-01,1,0.999982244,1,0.999962019,0.060385778,1,1,0.970920733,1,0.999987165,0.012659693,1,0.99997192,1,1.14E-57,1,1,1.33E-70,1,1,1,1,3.90E-22,1,0.001927214,0.999999248,0.00715223,0.385210394,1,0.041014171
2005-02,1,4.49E-66,0.999892485,0.999998648,5.65E-12,1,1,0.999973944,2.20E-06,0.999786631,0.999954107,3.21E-143,1,8.49E-06,1.03E-55,1,1,9.01E-67,1,0.99108723,1,1,2.44E-24,8.27E-22,0.932899277,0.999997369,0.999994694,1,1,0.999999977
2005-03,1,0.000374884,1,1,1.66E-05,1,1,0.000936891,3.55E-16,1,1.12E-24,1,0.999532584,2.18E-41,4.39E-15,1,1,6.81E-47,6.65E-12,0.977539407,1,1,0.001318196,2.29E-92,0.034803642,1,1.49E-10,0.979006633,0.006381436,0.000168774
2005-04,1,0.001261552,1,1,0.999999989,1,1,0.992151183,0.000577858,1.30E-05,1,1,1,4.03E-19,2.01E-46,1,1,2.00E-44,1,1,1,1,1,0.000870102,2.70E-12,0.025521937,1,1,1,0.999516596
2005-05,1,0.99545951,1,2.68E-08,1.46E-09,0.962646714,9.83E-05,0.007015057,0.981834912,1,1,1,1,1.19E-27,0.999937935,1,0.00022006,7.97E-65,1.31E-24,1,0.999999668,1,2.83E-15,4.17E-05,0.000131205,2.69E-09,0.999964263,0.00847854,1,0.045976648
2005-06,2.41E-96,4.78E-28,5.34E-64,1,7.74E-16,0.999961238,1,0.000603019,1,0.999675027,1,1,1,0.999380919,0.072889056,0.997724731,1,0,1,0.99790048,1,1,1.57E-24,0.998035779,1,1,0.01041752,8.64E-27,2.68E-07,1.28E-46
2005-07,1.47E-254,0.99999998,1,1,6.15E-06,1,1,1,1,1.19E-11,0.999913691,1,0.001776219,1,0.999999969,1,1,6.38E-301,1,0.022292496,1,1,1,0.99876876,1,0.999999693,1,1,1,0.985007494
2005-08,1,0.99849407,1,1.10E-07,2.47E-28,1.11E-16,3.54E-10,2.99E-13,0.000197473,1.72E-13,0.999999999,3.15E-256,1,1,1,1,1,0,0.999999997,0.000520057,1,1,1,0.997934779,0.999999996,1.45E-06,2.82E-06,1,1,0.00529644
2005-09,1,0.999996812,1,2.65E-13,0.962353856,0.999999322,1,0.001198714,2.03E-05,2.96E-58,0.999763961,1,1,1,1,1,0.052372721,8.63E-51,1,0.999971793,1,1,1,1,1,1,7.35E-07,0.000213774,1,1
2005-10,1,0.007194836,1,1,1.84E-14,1,1,3.59E-05,1.63E-23,2.47E-29,5.12E-10,1,1,3.67E-27,2.79E-27,0.999725781,1,1.07E-41,1.06E-12,0.021014759,1.10E-11,1,1,2.06E-05,0.000906466,1,2.29E-05,1,3.69E-05,0.99672992
2005-11,1,0.976559038,1,1,2.55E-17,1,1,1,0.020410994,5.73E-20,6.73E-35,2.08E-282,1,1.55E-20,1,1,0.99999519,6.21E-92,0.00011863,0.995288567,1,1,1,0.99999977,1,0.95907403,0.999999897,0.000141831,1,1
2005-12,1,4.11E-56,7.69E-07,1,0.999967256,1,1,1,1,1,0.998930028,0.101128625,1,0.999999997,1,1,1,1.25E-50,1,1,1.51E-11,1,0.001228266,0.999417182,0.999981597,1,0.002832719,1,1,1
2006-01,2.02E-15,1.02E-52,1,1,2.47E-08,1,3.13E-05,0.000110076,1,1,0.999979784,0.999999943,0.001451194,2.81E-23,1,0.995960152,1,4.89E-83,1,0.991578966,1.27E-19,0.999999843,0.999709837,0.01415078,1,1,0.999850025,1.26E-33,1.52E-11,0.999992999
2006-02,1.28E-13,1.75E-57,0.999999333,0.999999963,0.006515739,1,1,0.999000324,0.998475295,0.999992954,0.999628777,1,0.991333186,2.99E-66,1,0.999999698,3.81E-06,1.74E-67,5.71E-07,0.966031413,0.999997606,1,1,0.999999883,0.960527046,1,0.571625858,5.52E-55,0.999991433,2.16E-07
2006-03,2.36E-37,1.14E-06,1,1,0.063231671,0.999999936,0.999999996,0.999997055,0.998631822,0.00083302,0.999962384,1,1,2.39E-26,1,1.14E-19,2.56E-23,1.18E-154,0.151725353,1,0.999999998,0.502655539,0.022121834,6.00E-20,2.08E-07,0.999999987,2.82E-11,0.999999892,0.999999906,4.45E-12
2006-04,2.75E-82,7.69E-133,7.28E-30,1.06E-14,0.000317362,1,4.16E-12,6.13E-54,0.001064445,4.79E-24,3.55E-28,0.07286364,7.92E-08,5.29E-29,0.999842797,5.85E-10,1,4.54E-90,3.44E-46,0.536853051,8.07E-100,1,1,3.60E-23,5.42E-32,2.68E-05,8.03E-23,4.69E-15,2.43E-11,1.03E-15
2006-05,3.37E-49,1,1,1,2.83E-16,1,2.93E-10,0.999995462,0.999328439,1,1,0.999995895,0.003596032,1,1.92E-40,0.000231551,1,4.32E-59,2.18E-54,0.999021213,1,1,1,0.877608353,7.37E-77,1,0.999999778,1,1,0.9948905
2006-06,0.999999406,1,1,0.999963965,1.37E-24,2.07E-24,0.999999995,0.999980077,8.11E-08,1,1,0.999999859,1,1,1.03E-13,5.13E-19,1,6.10E-64,0.999999999,0.999729265,0.999994949,1,1,6.32E-06,3.85E-69,3.32E-14,1,1,0.998127883,3.55E-13
2006-07,1.47E-21,0.999776654,1,1.03E-19,4.25E-121,1,1,0.972301694,2.09E-23,1,0.999300317,3.54E-29,0.99999994,1,1,4.35E-14,1,2.64E-46,0.999553765,0.999573184,4.22E-11,0.999999917,0.000231383,0.037484781,7.68E-67,1.48E-17,1,1,5.22E-36,4.39E-36
2006-08,0.999998671,0.99999958,1,2.93E-58,6.98E-13,1,1,0.999306406,1,1,6.33E-11,1,4.57E-09,5.52E-18,1,0.999999883,1.55E-38,1.18E-111,0.000673981,0.004356628,3.29E-17,1,1,0.004557155,3.95E-15,3.32E-06,1,1,0.000561604,2.09E-37
2006-09,2.16E-42,0.999999998,0.999999978,7.86E-71,1.89E-86,1,4.37E-11,0.999499613,0.99914478,1,5.57E-07,1,0.998502972,1,1,1.26E-16,1,1.81E-58,0.999136935,1.15E-13,6.25E-30,0.005287559,0.133174256,1,5.62E-17,6.66E-21,1,5.30E-21,2.72E-48,2.57E-36
2006-10,1.29E-67,2.08E-53,1.27E-37,2.45E-59,4.52E-105,1.03E-34,5.34E-27,0.013188916,9.75E-27,2.01E-35,2.96E-21,1.45E-05,1,0.999999436,0.01632196,4.33E-20,3.32E-24,4.90E-172,1.41E-13,6.31E-13,1.99E-178,5.01E-12,1,4.07E-34,7.70E-68,3.64E-75,1.38E-18,9.40E-58,5.58E-110,8.32E-18
2006-11,1,1,1,0.99999709,2.91E-16,1,5.66E-06,0.859320175,1,1,0.999785557,0.99999813,1.62E-07,1,0.021253004,7.28E-23,1,1.48E-159,0.998509784,0.976065642,0.999999989,0.999564926,1,0.999963544,1,1,0.999817941,1,1,0.999979547
2006-12,0.99982604,1.26E-24,2.27E-16,2.33E-05,1.32E-65,1,5.93E-05,0.000622644,1,1,0.990353648,1,3.49E-17,0.999998713,1,0.999999519,4.88E-53,1.57E-49,0.999747413,0.02854472,0.999393646,6.99E-13,0.998845852,1,1,1,7.12E-09,0.999991172,3.38E-44,1.25E-58
2007-01,7.17E-08,7.73E-89,1,3.72E-37,5.45E-11,6.83E-33,1,0.999998898,0.570825603,0.991919726,1.57E-20,0.999715285,5.55E-20,0.999999821,5.15E-05,5.46E-80,2.45E-32,4.12E-76,1.85E-10,2.10E-34,1.86E-10,2.57E-23,0.999999292,0.999999803,0.65651068,1.69E-10,6.52E-11,3.57E-39,6.35E-12,0.155499236
2007-02,7.38E-44,6.05E-155,1,9.92E-115,3.13E-55,7.63E-48,0.999990477,1.04E-14,0.999998457,1,1,0.058244336,4.75E-44,1.15E-47,1.67E-23,2.43E-34,1,2.87E-141,0.998082167,0.999951165,2.73E-08,1.28E-40,3.76E-11,0.99594608,1.43E-11,6.47E-53,8.33E-26,4.86E-30,0.00048312,1.52E-23
2007-03,0.999996758,1,5.79E-60,7.74E-32,3.50E-103,1,8.49E-27,0.998945376,4.69E-27,8.06E-37,0.989853795,3.63E-15,1.72E-75,4.32E-35,3.62E-35,1.92E-83,3.50E-26,3.22E-30,1.00E-05,0.000269013,6.55E-29,1.68E-25,0.9999916,0.999992818,3.36E-21,6.36E-21,2.12E-12,0.000129327,1.75E-19,5.81E-30
2007-04,5.33E-30,6.96E-10,1,5.76E-56,8.40E-102,5.37E-37,2.40E-37,0.005004972,1.45E-31,2.40E-63,4.63E-87,3.64E-23,1.95E-87,1.19E-139,3.83E-54,1.02E-47,2.13E-22,2.15E-38,1.52E-07,2.62E-14,1.10E-20,7.13E-64,1.14E-25,1.45E-43,1.69E-57,2.60E-35,8.28E-81,2.33E-49,2.61E-31,2.46E-149
2007-05,3.69E-125,4.30E-187,1,2.07E-203,1.24E-27,3.84E-131,2.08E-114,1.98E-13,1.60E-120,8.08E-259,9.85E-175,2.71E-27,2.59E-240,2.65E-110,7.46E-63,2.02E-133,8.42E-24,7.51E-278,0.00749298,3.32E-16,4.43E-140,1.59E-135,2.62E-27,2.84E-76,7.32E-138,2.01E-144,7.67E-222,1.13E-121,2.49E-50,2.34E-292
2007-06,1,1.33E-102,1,5.87E-10,2.11E-77,2.56E-38,3.82E-142,9.44E-07,1.58E-28,1.85E-301,2.76E-53,1.61E-24,8.30E-71,1.15E-61,2.39E-47,8.36E-43,4.32E-27,4.82E-55,0.980501692,0.999999981,1,2.36E-28,1,1.90E-33,3.44E-36,2.59E-38,5.49E-23,7.40E-69,1.10E-75,3.62E-08
2007-07,1,2.91E-17,4.20E-71,0.999999068,2.97E-119,1,6.37E-70,0.999997882,1,7.35E-65,1.53E-38,3.17E-14,9.55E-70,1,0.005911504,0.999999704,5.58E-125,3.76E-117,0.995538496,6.66E-09,1,8.67E-06,1,1,0.000988647,1.74E-10,9.61E-47,8.72E-30,6.87E-115,5.68E-06
2007-08,2.99E-11,1.29E-06,2.39E-13,3.44E-45,6.76E-52,1.26E-16,5.07E-103,0.000158467,1.14E-24,3.49E-93,1,0.000167853,0.999999998,2.32E-23,1,1,1,6.84E-102,0.999953909,1,0.999999998,1.58E-29,1.80E-13,5.76E-29,1,1,1.06E-72,0.999831891,2.04E-82,0.998004702
2007-09,3.75E-16,3.85E-09,1,1,1.21E-40,1,2.37E-43,0.999999681,1,2.53E-94,1,1.14E-10,5.59E-06,0.999999991,1,1,1.50E-25,8.34E-55,0.998280948,0.001525361,1,1.65E-07,0.99915642,1.04E-21,1,1,1.42E-36,8.74E-25,1,1
2007-10,2.95E-32,1.06E-08,2.04E-51,3.28E-15,1,1,7.83E-71,1.17E-06,1,4.90E-64,1,0.907446059,0.784503745,1,7.65E-77,0.999866188,1.60E-38,8.61E-38,0.999982572,0.999999721,1,8.36E-19,1,6.99E-10,2.27E-18,1,4.42E-82,0.99748441,8.56E-30,1
2007-11,7.41E-76,1.87E-40,1,5.23E-20,0.967538991,1,2.07E-84,5.60E-08,0.999999874,1.74E-42,7.75E-20,0.935599532,1.43E-06,0.999910962,7.00E-22,1,0.999999999,4.26E-52,0.001231896,0.999999829,1,1,1,0.999995081,1,9.24E-16,6.52E-34,9.81E-79,3.16E-37,0.999999924
2007-12,4.21E-12,4.30E-12,1,1,7.08E-15,0.915248344,0.999999967,0.000984574,0.999999997,0.000306818,7.83E-05,1,1,1,5.24E-11,1,1,0,0.010323404,0.010063901,1,0.007602746,1,1,0.999999144,1.76E-18,1.49E-27,6.52E-33,0.051784527,1
2008-01,0.000687555,9.54E-11,0.998269502,0.999991986,1,1,4.88E-15,0.955771778,1,3.39E-47,1,1,0.013705014,0.999976985,1,1,1,8.47E-60,0.999999993,1,1,1,0.060931376,0.020417039,0.999966188,0.999503628,1.87E-11,0.999999963,0.971094493,0.999947726
2008-02,5.59E-14,2.58E-06,1,6.75E-20,6.89E-24,1,1,4.16E-09,7.48E-39,1,1,1,1.58E-11,6.27E-45,4.78E-64,0.99997565,1,7.22E-37,0.999986811,0.999999998,1,1,0.253192133,7.62E-29,0.002626117,0.000112789,3.08E-21,0.999999973,4.27E-10,0.984152439
2008-03,2.85E-17,1.74E-36,2.79E-23,8.75E-14,1.25E-14,1.45E-54,0.999985187,0.052965165,1,1,1.91E-09,1,4.85E-06,2.26E-15,1.66E-25,0.999999995,0.00393074,1.05E-61,2.54E-15,0.999991536,1,1,1,1,9.95E-18,0.999999516,2.26E-08,1.57E-34,3.27E-05,9.26E-20
2008-04,7.93E-41,3.20E-25,1.46E-15,6.32E-65,1.61E-30,0.002074979,1,1.32E-07,1,2.96E-36,4.54E-05,1,0.999998279,0.999905134,1.28E-07,1,1,1.01E-69,0.001138956,0.000240217,0.999998767,1,1,0.998971158,1,0.006606993,8.32E-05,0.99999155,2.41E-09,0.999999837
2008-05,2.06E-25,1,2.42E-49,1,8.46E-11,1,1,0.999997499,0.999999387,0.022077167,5.67E-12,1,0.999999535,2.67E-12,1,1,8.50E-21,1.05E-76,0.999999674,0.999862203,1,1,1,1,1,0.999984736,0.998491407,0.999999776,1.84E-07,0.999999997
2008-06,1.05E-18,5.30E-24,1,1.44E-13,1,1,0.00224018,0.999996752,1,3.49E-13,4.67E-40,1,2.23E-05,2.64E-35,1.38E-10,0.999875475,1,8.59E-78,0.999792799,1,1,1,0.152500513,1,3.05E-18,0.998429376,1,0.005016483,0.999999865,2.05E-14
2008-07,1,3.52E-10,1,5.02E-38,3.99E-17,9.49E-05,1,0.998268129,1,2.26E-43,0.239059463,1,0.865440801,1,1,1.57E-14,1,2.36E-45,0.002879276,0.99941181,8.52E-14,0.164388221,1,0.999999866,2.76E-54,0.000350089,1.14E-10,0.073523729,1.96E-15,1
2008-08,5.62E-43,3.37E-24,0.999992239,1,6.77E-71,1.42E-18,1,2.30E-77,2.17E-42,2.41E-63,6.25E-11,0.999999989,1.29E-43,1,1,3.08E-16,1,6.79E-17,1,0.039011934,0.999999998,1.78E-05,1,3.64E-44,6.32E-53,2.14E-24,0.999917688,5.22E-24,5.23E-65,1
2008-09,9.96E-132,1.21E-45,1,2.89E-18,1.42E-64,2.83E-74,6.00E-48,4.06E-95,4.32E-09,1,2.64E-91,6.91E-48,1.44E-15,2.84E-121,5.05E-34,1.47E-50,1,7.41E-52,2.23E-08,0.001113989,3.75E-127,1.05E-14,1,9.29E-47,2.04E-32,2.99E-12,1.53E-57,1.41E-45,0.99999991,1.87E-84
2008-10,3.24E-43,6.12E-21,1,6.30E-27,1.77E-32,6.91E-07,1,1.08E-05,1.82E-09,4.36E-42,1.31E-06,2.88E-18,2.39E-58,2.14E-28,1.56E-65,4.32E-06,7.01E-55,0,0.999999998,1,2.23E-16,4.37E-17,2.38E-44,0.9994295,0.000640517,4.73E-37,1,1.09E-08,1,0.998013121
2008-11,3.52E-13,1.33E-30,8.54E-29,1.80E-15,1.17E-107,6.78E-21,1.07E-20,4.06E-18,1.22E-57,6.16E-24,2.93E-65,1.44E-106,2.32E-49,1.84E-22,0.411205773,5.52E-10,7.17E-20,4.62E-278,1.10E-15,1.12E-18,8.87E-17,2.61E-39,1.99E-52,1.74E-06,0.000270225,0.000524166,1.66E-36,1.03E-10,1.56E-113,3.96E-18
2008-12,7.47E-12,7.28E-12,5.52E-20,2.63E-29,1.87E-79,1.05E-41,1.17E-10,0.019862958,0,1.95E-52,2.89E-13,6.83E-25,1.26E-50,2.45E-52,1.11E-48,2.98E-07,1.74E-33,2.65E-21,4.98E-241,1.47E-26,1.10E-14,1.33E-38,2.83E-25,3.53E-11,1.59E-10,5.29E-49,6.52E-28,1.98E-46,6.90E-30,0.999999844
2009-01,2.16E-19,6.51E-11,0.999999402,1,3.55E-51,0.999998848,1.01E-05,0.052265827,1.12E-17,5.45E-62,1,5.63E-17,1,7.82E-50,7.91E-32,7.26E-14,8.47E-09,6.07E-202,5.34E-45,9.25E-37,1.44E-24,6.51E-65,2.57E-95,5.76E-166,1.86E-34,0.009338875,2.96E-56,0.118589328,3.84E-127,0.000436719
2009-02,3.20E-22,2.39E-21,2.30E-30,3.26E-49,7.94E-98,1.56E-09,2.40E-20,0.000112159,1.80E-09,3.50E-25,1.21E-27,3.09E-29,4.11E-13,1.12E-25,1.04E-22,1.05E-07,9.62E-62,5.84E-107,2.57E-156,1,4.10E-26,5.11E-44,7.47E-42,8.95E-32,1.43E-20,1,1.51E-36,2.88E-34,2.38E-76,0.852183514
2009-03,7.48E-14,9.29E-26,1,2.58E-37,6.80E-91,9.38E-16,1.36E-06,0.999976224,0,7.46E-134,5.75E-67,6.34E-41,2.05E-34,3.70E-23,3.21E-53,1.90E-11,0.000392126,1,3.29E-38,5.56E-22,2.33E-28,8.57E-34,1.38E-21,3.73E-20,0.00037123,0.577345255,8.59E-91,0.000411117,2.16E-118,5.50E-38
2009-04,1.99E-21,1,7.58E-40,9.19E-112,5.21E-88,2.28E-12,7.36E-14,9.36E-08,1.76E-14,3.95E-204,5.37E-31,6.62E-21,1.40E-39,4.54E-22,4.81E-15,4.13E-07,1,1,3.02E-22,1.01E-44,6.27E-31,1.17E-47,1.15E-63,7.94E-38,2.97E-21,0.999735601,1.82E-53,5.24E-54,2.01E-66,1.80E-54
2009-05,4.05E-16,2.34E-15,0.999999977,7.73E-29,0,4.68E-27,6.86E-05,3.36E-11,2.26E-05,0,2.13E-33,4.73E-30,2.00E-35,1.48E-24,1.09E-24,2.26E-70,1.56E-23,2.51E-58,1.08E-79,0.998588955,3.24E-34,7.46E-92,2.47E-80,7.43E-08,0.990236119,9.75E-28,0.000696373,7.40E-49,1.78E-32,3.24E-44
2009-06,4.71E-07,3.80E-148,2.48E-31,6.56E-123,1,2.29E-64,3.59E-14,8.60E-13,1.61E-194,1.72E-12,7.09E-26,3.32E-89,1.00E-48,1.61E-34,4.10E-24,3.33E-05,1,1.15E-117,2.33E-87,0.09865401,2.51E-246,8.90E-23,7.08E-24,1.42E-40,3.82E-33,4.52E-40,6.08E-14,3.98E-56,6.97E-16,2.97E-62
2009-07,0.000918371,1,3.73E-38,5.51E-109,6.02E-60,1,0.999999997,1,5.20E-199,4.08E-08,2.93E-42,1,1.36E-19,7.66E-25,1,1.80E-08,1,1.29E-160,0.001459565,0.012475818,1.13E-142,1,1.74E-22,3.40E-40,1,3.63E-28,5.14E-09,3.84E-16,1,9.33E-29
2009-08,2.62E-05,1,1,1.35E-34,1.07E-16,1.16E-69,2.33E-14,0.996481843,4.21E-210,0,3.12E-63,1.52E-10,2.56E-29,2.88E-43,2.30E-195,6.80E-30,6.22E-22,4.06E-150,3.72E-28,0.999931772,5.39E-99,1,1.32E-31,8.02E-08,6.06E-06,8.53E-26,7.88E-11,1.23E-22,1.33E-05,3.26E-31
2009-09,2.36E-20,1,2.31E-30,3.46E-60,2.56E-39,5.67E-95,1.16E-14,1.29E-21,3.08E-32,2.19E-49,3.49E-54,1,2.14E-31,4.71E-45,6.44E-50,5.00E-18,0.997481733,2.19E-219,1,0.009009841,9.57E-29,1,4.33E-25,1.40E-17,1,1.10E-45,4.08E-28,0.000804438,3.15E-13,6.15E-36
2009-10,3.49E-40,3.42E-17,2.09E-12,7.49E-45,5.00E-26,5.89E-78,6.22E-19,2.44E-31,2.17E-73,1,5.41E-39,0.981300908,1,4.82E-37,1,3.16E-35,2.47E-13,3.97E-181,0.999680724,0.999999978,1,0.999997542,1.70E-29,1,0.999708183,1,1.39E-17,1,3.14E-10,2.37E-68
2009-11,2.17E-41,0.009642362,1.01E-19,3.49E-46,3.84E-26,1,1.21E-10,2.84E-31,8.58E-113,1,1.06E-37,1,1,6.01E-76,3.01E-51,2.02E-98,2.06E-09,2.16E-168,0.99999998,2.22E-05,5.06E-32,3.72E-15,6.31E-29,1,0.999855027,2.31E-05,7.91E-08,3.05E-06,1.38E-68,5.93E-47
2009-12,4.70E-38,9.13E-15,6.52E-37,8.71E-52,9.12E-22,0.999999982,0.999999995,0.999999569,9.17E-102,1,1,1,1,1.84E-44,1,4.90E-14,5.07E-09,2.08E-118,0.988956597,0.013415616,3.75E-93,1,6.07E-24,1,0.920732818,6.95E-30,1.47E-63,0.000833397,0.999999999,2.78E-65
2010-01,2.36E-99,5.47E-49,0,4.24E-06,1.29E-17,7.85E-09,9.64E-28,0.991822506,2.57E-24,0.010427609,1,1,1,0.999999983,1,6.75E-16,3.52E-09,1,0.999999999,1,1,1,1.04E-37,1,0.999999954,7.29E-12,1.88E-30,1.08E-30,1,2.55E-42
2010-02,0.966603119,1,1.12E-24,6.44E-10,1.03E-101,0.999999245,2.58E-13,0.999999294,8.94E-25,1,0.999999999,1.05E-22,0.997157896,6.54E-44,1,8.29E-11,2.43E-35,1,1,0.002134089,2.82E-42,1.03E-08,1.30E-06,6.08E-39,0.999999981,9.50E-57,0.025079386,1,1,7.02E-33
2010-03,2.68E-14,1,0.003048234,1,1.99E-61,1,1.71E-91,6.31E-10,1.39E-25,6.69E-133,0.999977436,0.999993958,0.999822167,4.33E-36,1,0.999998694,0.000321029,3.55E-40,1,0.993997099,5.64E-46,1,1,2.20E-33,0.996341868,7.57E-48,2.60E-56,3.83E-38,0.999999967,1.69E-33
2010-04,2.56E-23,1,2.08E-22,4.25E-49,1,1.48E-05,1.98E-10,5.34E-18,9.44E-32,1,0.999992405,1,1,1,1,6.36E-11,1.40E-25,1,1,1,3.52E-43,1,1,1,1.66E-09,1,1.17E-32,1,1,0.999999284
2010-05,0.96581975,1,1.16E-09,1.34E-60,6.08E-25,1,6.18E-16,0.997854711,1.12E-32,0.999877895,1,1,1,1,1,1.52E-16,0.995367425,1,1,1,2.33E-80,0.999999988,0.999999962,1,0.999997721,1,1,1,1,1.45E-54
2010-06,1.16E-13,1,1.02E-18,6.64E-15,2.05E-31,1,0.000494377,2.24E-06,5.01E-36,9.35E-32,8.76E-06,2.71E-65,1,9.14E-23,1,2.02E-168,1,5.67E-34,0.999999932,9.83E-11,2.71E-66,1,1,1,0.999954556,1,1,9.96E-09,1,6.56E-56
2010-07,3.19E-25,1,1.02E-26,7.57E-58,4.62E-73,1.98E-19,5.19E-09,0.999997694,1.30E-26,9.96E-52,1.79E-31,6.16E-33,0.999999998,0.999999975,2.15E-32,1.49E-35,1,2.84E-46,1,0.004510449,6.90E-26,0.999995259,1,1,1,0.997702611,9.80E-07,1.01E-05,1,1
2010-08,1,1,2.57E-26,1.44E-25,5.62E-24,1,0.999879052,0.000655182,7.69E-26,1,1,2.75E-31,3.02E-05,9.64E-54,4.76E-53,4.75E-10,5.42E-13,8.54E-45,2.79E-17,4.30E-20,8.28E-24,1,1,6.99E-05,0.999999982,1,8.04E-49,0.912341514,3.28E-26,2.87E-71
2010-09,0.002908374,1,9.39E-18,6.80E-49,1.97E-25,1,1.69E-32,0.977557696,1.14E-18,7.06E-43,7.58E-14,1.19E-34,5.02E-105,0.898245503,4.73E-45,8.92E-48,1,1,1,1.38E-05,2.36E-51,1,1.32E-06,7.59E-39,0.000732059,4.15E-21,3.06E-70,1,1.20E-23,1.80E-33
2010-10,0.99999046,2.67E-06,1.54E-54,2.13E-40,9.81E-60,1,1.89E-55,1.40E-14,6.50E-10,4.48E-49,1,2.79E-72,1.16E-22,2.16E-71,1.54E-25,1.61E-57,0.999999998,1,0.999993541,6.76E-08,4.89E-57,3.73E-61,0.068913296,5.42E-05,0.997996362,7.58E-31,3.62E-33,8.71E-06,5.11E-50,0.636255252
2010-11,1.46E-13,1,3.21E-58,5.76E-12,4.87E-83,1.01E-09,1.39E-69,3.96E-75,6.69E-28,8.25E-54,1,4.99E-09,8.24E-57,2.24E-45,0.992740996,1.01E-11,0.999999801,1,4.28E-06,7.62E-26,1.84E-54,1.07E-13,0.99989269,3.24E-29,1.68E-22,0.999999659,2.78E-41,3.84E-13,7.80E-17,1.30E-29
2010-12,4.65E-07,1,3.46E-53,5.91E-34,3.42E-87,6.26E-21,1,4.33E-27,7.78E-22,0.999996273,0.999999828,1,1,1,3.53E-32,3.51E-09,0.999999993,0.995752511,0.000499016,0.994815408,1.08E-56,1,1.27E-30,4.19E-29,2.30E-16,4.69E-22,1,1.26E-40,1,0.01101583
2011-01,1,1,1.51E-13,6.71E-82,4.09E-07,1,1,0.997606547,2.18E-23,3.02E-31,1,1,1,4.43E-12,1,6.04E-47,0.136823545,0.396074219,0.999937565,9.42E-07,1,1,0.001046757,1,1,0.999975143,1,1,1,0.994279334
2011-02,1,1,1.58E-11,5.00E-79,3.47E-93,0.99999958,0.037184811,0.001559911,2.65E-22,1,1,1,1,1.36E-26,1,1.39E-18,2.63E-09,1,0.999993978,1.07E-09,1,1,0.999970611,1,1,0.999989542,1,8.27E-22,0.999999995,0.991551199
2011-03,0.999999327,1.12E-16,1,1.10E-38,5.47E-09,9.84E-13,0.999999955,2.04E-11,2.04E-18,0.999999496,0.000102494,1,8.54E-87,1.37E-30,1,1,1.83E-13,0.998853289,0.999961334,2.26E-07,0.999955686,1,3.72E-14,1,0.001147209,0.955498405,1,5.74E-82,1.66E-15,0.994704322
2011-04,0.999999936,1,1,1,1,1,1,0.006800807,7.49E-53,0.999999976,1,1,1,0.070000776,1,1,1,1,0.999999992,0.001178758,1,1,1,1,0.99999832,1,1,0.000937469,1,0.999997243
2011-05,6.20E-16,1,1,1,3.81E-36,1,1,3.57E-26,4.74E-13,0.999997709,1,1,1,0.999882563,1,0.999999638,4.01E-18,0.87068825,1,0.97315214,1,1,1,0.997189186,0.999149364,1,1,0.999999157,1,1.97E-39
2011-06,1,1,1,1,1.65E-61,0.999998904,1,0.998929548,5.38E-22,0.999999998,8.67E-05,1,1,1,0.999997461,0.999524031,0.999860329,1,1,5.78E-12,0.999991931,1,0.999999199,1,2.95E-09,0.992603262,1,0.998633166,1,1.58E-58
2011-07,1,1,1,1,2.25E-77,0.999999287,1,0.999987846,5.56E-14,1,1,1,1,0.999999999,1,1,7.43E-27,1,7.28E-08,0.027647619,1,1,1,0.999999894,0.999993186,0.763129613,1,0.99570196,1,9.50E-30
2011-08,0.020547015,1,1,1,1,0.999997861,1,0.999999285,1.77E-11,0.999984735,0.999999999,1,6.60E-24,1,0.000352558,1,1.76E-27,1,3.92E-10,0.998274283,7.21E-07,1,1,0.999999985,2.82E-06,0.004563817,0.004459225,1.34E-26,1.24E-15,5.83E-30
2011-09,1,1,1,1,4.05E-82,1,0.999998865,0.991834485,3.88E-33,1,0.000630486,1,1,1.09E-41,5.35E-45,8.66E-70,1,1,1,1,1,0.999999977,0.999936039,1,0.997528632,7.79E-18,1,0.000142587,1,0.995703967
2011-10,0.999999877,1,2.91E-28,1.09E-97,1.50E-31,1,1,2.33E-08,3.05E-17,9.60E-20,2.36E-36,2.40E-43,2.37E-31,5.62E-124,3.58E-20,3.57E-97,2.61E-41,2.66E-121,8.15E-38,5.50E-05,1,1,1,6.19E-40,8.02E-57,9.19E-35,1,2.45E-10,2.15E-36,2.90E-86
2011-11,0.999999858,0.999991305,1,5.24E-114,9.90E-25,0.998194535,2.15E-11,1,0.998484073,1,8.85E-37,3.33E-37,4.33E-52,5.86E-66,6.85E-13,1,4.57E-58,2.75E-57,1.56E-07,0.002983777,2.78E-17,1,1,1,2.67E-37,9.27E-29,0.995747915,0.999974328,6.81E-09,3.29E-83
2011-12,0.999999986,0.999999987,1,4.95E-106,1,1,2.34E-42,0.916845925,8.84E-16,5.77E-34,3.04E-39,1,0.99983598,1,4.18E-41,4.07E-88,5.06E-10,2.89E-109,0.999417172,0.988437338,1,1,0.999453294,1,1,1,1,1,1,4.66E-112
2012-01,0.999999997,1,2.50E-49,1.98E-16,9.08E-75,1,1,1,1.91E-56,1,1,1,4.88E-48,1.39E-33,5.83E-65,3.26E-08,1,4.98E-116,1,0.999999254,0.99999951,2.26E-19,0.999238217,0.999406979,1,7.00E-30,1,1,1,1.36E-44
2012-02,0.999999999,8.23E-41,1,2.16E-13,1,1,1,1,1,1,1,1,0.999999999,1,1.46E-44,1.11E-88,0.999999999,0.963188099,1,0.000127229,0.999999569,1,1,1,1,1,1,1,1,1
2012-03,0.999966393,1,5.79E-08,3.68E-14,1.91E-31,1,1,0.02826974,1.72E-43,1,1,0.899490863,0.999999995,1,1,1,1,0.999389303,1,0.998092298,0.99999964,1,4.60E-08,1,1.34E-08,0.02298527,1,0.99999991,0.93010524,0.999999998
2012-04,0.998646964,1,1,1.34E-13,5.37E-31,1,1,0.999998468,0.999999771,1,0.999999997,0.99434341,7.80E-05,1,1,1,2.28E-29,0.999999992,1,1,1,1,1,1,2.77E-18,0.994187615,1,0.921233303,0.999999988,1.05E-08
2012-05,1,0.000304642,1,1.79E-41,6.63E-46,1,1,0.99200986,1,0.999919552,0.005135364,1,1.85E-06,1,1,1,0.999999963,1.24E-81,0.999991037,1,1,0.999999991,1,1,1,0.999924855,1.95E-19,9.58E-17,0.000957927,0.999999998
2012-06,3.48E-24,2.06E-59,1.79E-34,6.50E-40,1.45E-53,0.000337808,1,7.99E-14,1,1,1.01E-15,2.56E-37,1,1,1,2.39E-63,0.999999993,4.99E-122,1.95E-32,7.05E-06,0.999997931,1,0.980152619,1,0.999999501,1.47E-13,2.44E-20,1,0.999972301,0.999999999
2012-07,0.999982208,1,1,5.54E-17,1.42E-93,1,1,0.999999937,1,2.11E-08,0.999999999,0.999999996,1,1,2.38E-49,0.970334223,0.011089267,3.50E-53,1,1,1,1,1,0.999999999,0.999998139,0.99999068,5.03E-27,0.999999984,1,0.612211961
2012-08,0.999989239,1,1,1.37E-14,6.48E-19,1.92E-07,1,3.26E-07,0.999986902,1,1,0.000477802,1,0.99974981,1,2.43E-15,0.304435144,0.999996212,0.009680472,1,1,0.999999973,0.999719166,3.73E-06,2.18E-05,0.983273835,3.50E-10,6.00E-05,2.73E-05,0.000863072
2012-09,0.999999992,1,1.06E-28,1.09E-38,7.33E-100,0.999997112,1,1.50E-09,1,1,0.999999999,1,1,1,1,1,1,0.017218816,0.993221552,0.000261041,1,1,1,1,1,1,1,1.91E-06,1,0.999984865
2012-10,0.9994138,1,1,5.10E-08,2.53E-196,1,6.25E-05,0.000406973,1,0.997478944,0.999998212,0.017722794,1,1.57E-06,1,1,3.47E-33,0.999992879,0.999999996,0.999942129,0.999998476,1,1,1,1,0.999999999,1,1,0.999985429,0.98995225
2012-11,0.999998768,2.02E-45,1.10E-105,3.10E-16,1,0.99999634,0.999999459,0.999996532,1,1,0.978288228,1,0.999999994,1,1,1,1,2.16E-06,0.999999973,7.37E-06,0.99996026,1,0.869619001,1,0.0398623,0.966228474,1,0.999834876,5.70E-27,1
2012-12,3.02E-09,0.999953874,4.64E-32,5.04E-14,1,1,1,1,0.992887775,1,0.999999734,0.999865883,1,1,1,1,0.999999999,3.82E-47,0.997721255,0.922605624,0.999999406,1,0.999999995,1,1,1,1.69E-41,0.999999971,1,0.074273581
2013-01,0.999385381,7.35E-60,0.999999988,1,2.58E-34,1,0.999999769,0.999682256,1,1,0.999999972,1,0.999999125,1,1,1,7.96E-07,1.83E-42,0.999999999,4.99E-08,1,1,0.021387134,1,0.999709957,0.000345189,0.04121074,0.999999942,1,0.974051787
2013-02,0.999982785,2.91E-29,1,8.03E-05,0.000138017,0.983052667,0.001352872,0.999941345,0.009732688,1,0.999999979,1,1,0.999997347,1,1,9.55E-08,8.53E-13,1,0.011589831,0.99994287,0.999990952,1,0.999999937,0.999999998,0.992549547,0.99999999,1,1,0.955646304
2013-03,0.99952948,2.05E-09,1,1.85E-37,1,0.999998946,1,2.87E-06,1,0.999999986,0.384605253,1.79E-45,1.81E-32,0.997213213,0.999993777,1,1.47E-18,1.63E-15,0.994865805,3.15E-15,1,1,8.18E-48,1,6.22E-15,2.13E-19,1.82E-29,2.11E-13,1,0.999999989
2013-04,1.64E-07,3.23E-18,1,5.57E-18,9.24E-35,0.105382335,4.51E-07,6.81E-16,1,0.999995136,2.35E-12,1,4.35E-15,1.61E-14,1,0.999829136,0.039315919,1,0.003355731,1.24E-21,6.02E-19,0.119558682,1.08E-15,1.47E-06,3.28E-18,8.69E-40,1.04E-32,2.41E-28,0.073603441,5.95E-27
2013-05,0.03015043,1,1.63E-289,1,1,1,1,0.999994358,0.999982945,1,1,1,0.999925785,1,1,1,1.40E-15,6.79E-51,1,0.003667755,1,1,1.81E-18,0.999999529,0.999999991,1,2.08E-18,1,1,1
2013-06,5.04E-29,0.999993547,8.26E-18,1,1,0.999999984,1,0.950032099,0.121080251,0.999999909,1,1,1,0.999999996,1,1,0.999999962,6.33E-07,0.896120093,0.004775977,1,0.001082464,6.81E-25,0.999892211,1,1,1,0.003252759,1,0.000725353
2013-07,0.999999928,0.999980055,3.26E-33,0.999999999,6.32E-59,1,1,0.999993484,1,0.999999837,2.78E-13,1,1,1,1,1,0.012799631,1,4.53E-05,0.999999997,0.999997942,1,1.45E-15,1,0.999998262,1,1,0.042147626,1,0.999993733
2013-08,1,7.23E-52,1.08E-101,1,1,0.999999968,1,0.640214166,0.999999852,0.999991687,0.999999971,1,1,0.028346434,1,1,4.09E-05,1,0.997523564,0.999999596,1,1,2.69E-25,0.999996585,3.19E-06,0.999999999,1,0.999787915,1,1.43E-06
2013-09,0.000155324,6.22E-132,4.40E-40,2.41E-16,2.06E-22,1,1,2.69E-26,1,1,2.16E-12,1,1,1,1,1,4.44E-06,2.17E-09,0.999999998,6.99E-06,1,1,0.999951971,1,1,0.999999997,1,9.57E-06,0.999852676,0.990608723
2013-10,0.999999982,2.74E-100,4.08E-58,1,1,5.39E-33,1,8.37E-51,1,1,1,1,0.999819501,0.999978261,1,0.001768275,0.004303993,8.87E-05,1,0.038466215,1,1,8.00E-13,1,1,0.999917945,1,0.999998609,1,3.19E-17
2013-11,0.999999996,3.33E-11,7.24E-98,1,1.75E-15,4.49E-06,1,3.28E-12,1,0.999999996,0.001048054,1,1,1,1,1,4.35E-12,6.47E-46,8.24E-06,0.992364651,1,1.12E-18,7.68E-18,0.999996683,1,3.48E-07,0.999935611,0.999999647,0.999999443,0.002914975
2013-12,1,4.30E-104,1.01E-64,1,1,4.01E-64,2.68E-17,6.85E-19,1,1,0.99965722,1,1,2.63E-08,1,1,2.48E-10,1,0.98455925,6.48E-21,3.57E-22,7.77E-17,3.18E-17,0.000850887,0.999994268,3.24E-21,1,1,1.18E-11,3.56E-14
2014-01,0.999999976,2.98E-38,1,1,1,3.79E-09,0.999999967,0.999962919,1,1,1,1,1,4.56E-13,1,2.15E-09,1.58E-34,0.999999865,1,0.000156937,1,0.000108564,0.995352164,1,1.09E-06,1,0.999999611,7.51E-05,1,1
2014-02,0.999998245,1.47E-09,2.76E-13,1,0.000305938,6.43E-07,0.998454047,1.03E-17,0.999925625,1,0.001497854,0.000668897,2.65E-16,1.19E-13,1,2.53E-31,0.039182241,0.999999962,1.21E-07,0.972421293,1,4.06E-05,1.86E-69,9.97E-10,0.000179875,6.28E-18,2.44E-31,1,4.22E-10,2.13E-31
2014-03,0.999999645,0.802645389,0.998367281,1,1.50E-12,0.999999677,1,1,0.001655877,1,1,1,1,1.46E-24,1,1,0.999999989,0.995898994,1,1,0.999989505,0.009621704,4.06E-12,1,0.042523072,1,6.14E-23,0.999999476,6.54E-24,0.997294392
2014-04,1.27E-21,2.83E-131,0.999999997,1,1,7.02E-15,1,1.04E-07,0.000494426,1,1,2.57E-51,1,5.56E-63,1,1.34E-26,6.67E-17,0.007183799,4.62E-11,4.61E-25,1,9.01E-05,3.16E-147,1,2.84E-13,1,1.50E-24,1,0.999999997,0.999999994
2014-05,1.22E-94,3.71E-144,0.999725777,1,1,2.56E-24,7.70E-43,2.14E-42,1,1,5.12E-14,1,1,1.56E-79,1,8.78E-74,0.999999945,0.000527879,0.999999992,0.999189566,1.52E-19,1,1,1,8.06E-12,1,1,1.42E-25,0.999968723,0.999330593
2014-06,1.50E-11,3.37E-124,1.11E-70,1,1,0.001736735,0.026157436,1,0.032916768,1,1,1,1,5.07E-18,0.999999922,1.33E-53,3.65E-34,6.57E-06,3.41E-06,0.999910268,4.17E-22,1,0.999999971,1,7.96E-13,1,0.84516088,0.000199908,1.11E-12,4.17E-64
2014-07,0.019311824,8.94E-48,1,1,1,0.020167693,4.95E-17,1,0.999999977,1,0.000571905,7.18E-46,3.44E-32,2.15E-10,1,5.37E-104,4.28E-111,1.32E-41,1,0.047958157,0.999998048,1,3.67E-13,5.86E-10,1,0.027844645,1,3.35E-53,1,7.24E-46
2014-08,0.998302694,2.01E-62,2.03E-27,1,0.910588369,0.999999664,1.26E-06,1,1,1,3.84E-06,1,1,5.87E-26,1,0.953080172,1.69E-05,1,1,3.89E-205,1.38E-27,1,1,1,1,1,0.999407762,0.029267419,1,0.999988581
2014-09,0.999999963,6.40E-31,4.81E-33,1,1,0.019651385,2.13E-52,1,0.996187694,1,4.50E-16,1,0.999999992,1,1,0.003167421,6.45E-18,6.82E-08,0.999952354,1.69E-33,1.64E-11,0.619849439,2.42E-10,1.32E-06,1,1,6.12E-12,3.96E-08,1,1
2014-10,8.04E-09,3.64E-78,3.52E-06,1,2.17E-08,0.999096452,1,1,0.999999985,1,8.42E-09,1.52E-05,0.999999808,1,1.11E-21,6.19E-09,0.99991398,1,1,0.004502287,0.999986198,1.37E-22,1,1,1,0.999999999,7.25E-23,0.016381842,0.000201766,1
2014-11,0.999995407,5.01E-43,1,0.991394355,0.999999997,8.69E-41,6.16E-28,0.999999145,9.79E-07,0.999999956,1,0.913225321,1,0.999577466,0.999999985,4.10E-25,0.0002414,1,0.998722727,2.04E-47,1.38E-89,4.46E-43,9.66E-21,0.999713497,2.59E-05,1,2.54E-62,1,1,1.43E-12
2014-12,1.03E-52,2.33E-98,2.10E-25,3.73E-13,0.124470252,0.000308865,1,0.003651934,3.85E-05,1,0.99999977,1,1,3.04E-20,1,0.998809687,1,1,1.21E-50,1,2.51E-49,1.52E-34,0.608111698,0.999999932,1.70E-15,0.997164732,2.32E-18,1,1,0.12002306
2015-01,5.18E-10,4.95E-31,1.67E-87,1,0.000295063,9.52E-14,1,0.999810438,1,0.999999999,2.66E-07,0.999999977,5.28E-21,1,1,0.997334631,9.16E-25,1,0.99999895,1.58E-92,5.35E-25,2.41E-05,0.000201279,8.46E-16,3.69E-50,3.88E-07,2.86E-07,0.000379918,4.50E-09,0.999999773
2015-02,5.57E-08,3.26E-32,1.43E-41,4.00E-75,0.999966965,3.26E-10,0.000487805,2.65E-54,0.998764216,2.56E-05,1.56E-14,4.51E-18,1.79E-49,0.001345301,0.999989944,9.19E-13,1.07E-16,1,7.77E-38,3.58E-06,1.84E-29,1.92E-66,1.31E-28,1.38E-65,1.29E-30,1.84E-32,7.02E-12,4.33E-08,3.36E-23,1
2015-03,1.21E-17,3.00E-111,8.07E-85,3.13E-51,0.999999962,3.39E-31,5.13E-31,1.14E-33,1.57E-105,2.72E-68,2.35E-05,1.19E-21,3.26E-150,6.49E-28,1.61E-12,3.24E-71,1.85E-22,2.40E-07,7.89E-06,4.67E-151,7.73E-26,7.64E-65,6.10E-05,1.46E-98,1.05E-45,8.79E-11,8.29E-28,2.92E-29,8.61E-12,3.21E-13
2015-04,1.14E-61,1.95E-88,5.15E-40,5.38E-60,1,9.26E-28,2.01E-110,1.79E-51,1.98E-177,6.95E-34,1.03E-162,5.43E-229,1.14E-138,5.49E-58,2.38E-66,1.29E-108,0.005494425,5.82E-24,2.62E-84,4.05E-88,3.14E-81,3.14E-55,5.66E-46,2.10E-79,4.69E-33,2.00E-68,2.30E-104,1.17E-54,1.08E-76,4.47E-23
2015-05,1.78E-217,0,0.00864106,5.81E-185,1.72E-21,1.21E-63,0,1.04E-120,1.97E-145,1.75E-99,1.34E-44,2.01E-100,7.96E-225,4.28E-50,1.06E-108,1.31E-155,9.76E-37,1.19E-123,8.87E-27,1.12E-07,3.00E-88,1.10E-71,2.28E-194,1.48E-127,1.99E-189,0,3.03E-169,6.93E-150,0,1.59E-172
2015-06,2.56E-11,3.29E-104,6.32E-63,1,1,5.12E-82,1,1.21E-97,1,0.999951039,1,1.29E-20,1,1,1,0.999999836,5.23E-104,0.000318619,5.77E-50,2.11E-137,2.84E-93,1.66E-80,0.999999998,0.999999921,0.999958122,1,1.03E-30,0.994710056,6.25E-09,9.58E-71
2015-07,1.09E-41,6.89E-95,1.87E-167,1,6.41E-32,6.18E-156,1,0.999999999,1,1,1,0.000105949,6.64E-41,1.22E-17,8.10E-09,2.38E-46,0.012136307,9.11E-18,0.99974059,1.65E-06,5.86E-26,2.77E-11,2.52E-38,3.10E-27,7.81E-19,1,1.49E-177,5.84E-28,8.12E-40,1.39E-23
2015-08,0.001002792,0.999999936,1.14E-102,1,3.11E-30,0.98819741,1,8.28E-07,1,1,1,1,0.999997876,1,0.999999966,1.53E-37,0.999999903,9.86E-177,0.999886913,5.62E-117,8.96E-35,2.48E-205,1.93E-41,0.999740788,1,1,1.92E-92,0.999999989,1,1.67E-09
2015-09,1.27E-10,1,5.56E-45,3.34E-05,6.22E-61,3.01E-07,1,0.063337121,0.999998816,1,0.020006652,1,1,6.33E-28,1,1.82E-32,0.998675158,1,2.08E-13,1.14E-25,1.55E-48,1.32E-160,1.99E-99,1,1,1,5.25E-44,5.98E-07,0.999999533,5.89E-19
2015-10,1.11E-11,1,1.10E-153,9.39E-36,8.42E-21,0.043856836,1,1.96E-12,2.88E-12,5.15E-15,4.70E-07,2.83E-17,0.999999999,0.999702932,1,1,0.999999998,2.28E-22,4.50E-43,8.48E-307,3.18E-15,1.55E-92,0.000286719,3.75E-11,1,0.999999994,1,1,0.999999989,8.19E-19
2015-11,1.73E-18,0.999999986,6.11E-258,7.57E-71,8.98E-15,0.994553306,0.999950464,0.017869624,0.005372548,5.91E-28,5.10E-60,2.85E-27,0.999999949,7.45E-15,1.46E-06,2.99E-16,0.999989825,1.18E-50,0.997518724,2.07E-157,0.00391636,1.32E-22,6.93E-22,1.48E-29,0.637966361,1.45E-37,1,3.97E-08,1,5.42E-30
2015-12,0.000128741,0.045897085,4.44E-18,5.02E-41,1,1.71E-06,1,1,9.01E-23,0.999740816,0.999620224,1.16E-91,3.83E-09,4.88E-16,1,0.999999999,0.08939866,2.20E-68,2.71E-82,9.12E-159,0.999983065,4.37E-10,1.31E-10,9.56E-26,2.05E-06,0.999999998,1.80E-13,0.014660653,1,3.42E-94
2016-01,0.999999843,1.61E-20,1,2.04E-61,1,4.91E-29,0.17919898,1.36E-58,7.56E-77,1,5.75E-18,1.34E-141,3.03E-41,6.49E-32,0.904326029,1.13E-118,9.55E-44,5.04E-78,1.46E-74,4.43E-23,8.30E-32,0.99999485,1.53E-13,2.42E-111,3.39E-29,1,3.11E-31,2.67E-22,1,9.69E-136
2016-02,0.999941748,7.93E-09,5.61E-07,1.44E-05,1,0.990076632,1.38E-20,0.998656428,1.54E-21,1,0.999999885,1,1,0.997816938,0.346100812,0.999999993,1.13E-19,2.76E-121,0.995893624,7.84E-149,0.003586513,0.597427748,2.23E-13,1,3.20E-41,1.41E-08,1.14E-78,5.25E-99,1,7.69E-14
2016-03,1.36E-32,4.34E-96,1.77E-30,2.09E-07,3.99E-30,0.99999707,4.25E-32,7.25E-27,2.03E-32,0.999999989,1.78E-31,2.51E-09,1,1.48E-29,1,4.34E-08,1,2.60E-108,1.36E-05,2.56E-81,1.67E-50,0.997689426,0.999999994,0.999990759,1.13E-18,1,1.19E-71,0.999989344,7.22E-10,2.03E-60
2016-04,1.79E-16,2.45E-51,3.09E-263,4.71E-36,8.00E-20,3.91E-104,8.33E-91,0.9999943,3.80E-20,6.04E-15,0.997150936,1,1,3.92E-08,0.000179664,0.355817836,4.69E-74,0.936940969,2.70E-11,0.999166081,6.74E-14,8.47E-27,0.998725402,1,3.16E-30,7.99E-11,5.06E-77,1.94E-18,3.42E-42,1.21E-161
2016-05,7.10E-17,4.52E-103,1.52E-12,9.15E-36,5.31E-35,1.23E-85,5.81E-68,2.06E-20,1,2.29E-65,3.24E-12,1,2.13E-08,0.999993665,1,2.14E-56,1.12E-19,1,0.999997721,0.993671097,2.86E-15,1,2.32E-24,2.33E-05,2.88E-38,2.02E-28,4.35E-61,4.40E-72,4.77E-44,3.39E-154
2016-06,1.50E-59,1.80E-212,1.14E-57,7.26E-83,8.65E-31,3.86E-62,0.998131603,7.35E-39,9.68E-06,3.55E-41,7.49E-116,1,0.999999797,5.39E-14,1.20E-16,5.47E-19,6.54E-18,3.44E-06,7.93E-09,2.21E-86,2.38E-09,7.62E-06,7.04E-19,0.999871788,1.08E-15,5.78E-44,1,6.55E-09,2.89E-57,1.66E-81
2016-07,2.49E-99,8.75E-129,0,1.19E-76,4.56E-75,3.54E-87,2.29E-12,4.32E-19,1,1,1,2.11E-09,1,5.17E-75,4.99E-19,0.070816506,1.78E-18,1,0.926684469,0.010520704,2.62E-21,4.96E-08,3.82E-27,0.999999999,0.999999999,5.70E-51,2.86E-31,2.92E-45,5.94E-61,1.97E-70
2016-08,8.14E-43,1.89E-89,1,4.30E-49,3.71E-50,0.999852973,1.48E-127,2.52E-05,3.49E-07,1,1,1.10E-21,1,1.08E-31,0.999999999,1.20E-34,0.187675785,0.999998948,0.999994088,3.13E-28,2.65E-11,1.83E-99,2.47E-63,1.90E-05,6.27E-31,1,3.28E-52,1.02E-27,5.49E-13,6.76E-48
2016-09,1.18E-35,6.05E-177,0,8.73E-32,2.36E-25,8.74E-50,3.43E-19,6.18E-18,3.60E-09,1,8.98E-08,1.31E-42,2.94E-36,3.07E-93,1,2.06E-63,5.64E-41,4.75E-61,0.533536504,3.20E-09,6.19E-24,1.14E-188,1.83E-192,1.89E-37,3.97E-14,1,1.27E-37,3.50E-74,1.03E-14,7.00E-45
2016-10,1.50E-91,8.54E-169,3.22E-61,1,1,4.61E-55,2.73E-45,0.000102469,3.43E-81,0.99649027,1.54E-75,9.27E-05,0.999999977,4.89E-110,0.000123477,4.56E-84,5.71E-72,1.06E-121,0.000163499,6.07E-10,1.45E-79,4.34E-114,1.36E-14,3.35E-33,3.99E-45,1,0,8.60E-183,7.16E-30,1.45E-31
2016-11,8.14E-110,1.01E-89,0.999997201,1,0.999859843,3.15E-114,6.19E-109,0.010005942,5.20E-50,0.99999985,2.14E-48,1.51E-08,1,1.69E-09,4.24E-83,1.23E-11,5.18E-21,0.999999978,2.26E-59,6.56E-83,6.30E-53,5.13E-53,4.84E-174,2.53E-74,3.70E-24,6.47E-14,6.27E-67,2.67E-201,5.32E-67,0.999999881
2016-12,3.38E-25,0.030439737,2.89E-110,3.16E-45,1.19E-37,2.52E-147,3.77E-232,0.993590324,2.62E-37,0.999999999,2.13E-11,0.999999996,2.33E-33,1.27E-69,0.999836851,6.35E-75,1,1.00E-15,5.69E-50,1,3.60E-89,1.69E-19,0.989553757,0.999999998,7.12E-35,7.93E-16,1.55E-59,1.53E-93,1.94E-62,5.14E-15
2017-01,4.24E-31,1.57E-70,4.82E-154,1,7.46E-15,0.988597829,0.999999999,0.999754882,1,1,5.03E-24,0.999999999,1.10E-23,1,2.60E-37,3.58E-58,1,1,0.999423535,3.62E-05,5.93E-128,2.89E-180,1.96E-17,0.999972286,0.999995478,9.18E-17,1.01E-22,0.999902119,0.880516926,2.79E-114
2017-02,2.54E-49,1.31E-111,1.67E-238,1,1,0.00021289,2.45E-14,0.996391499,1,0.999992366,3.95E-62,1.50E-39,4.84E-117,1,5.77E-100,6.44E-106,0.001292986,0.98832516,7.31E-46,1.96E-20,1.42E-149,2.04E-96,5.91E-27,0.997801344,6.77E-06,1,0.999732531,1.96E-14,0.999999795,1.46E-62
2017-03,0.040103355,7.17E-46,0.999989854,0.099796142,6.55E-05,0.00237071,1.21E-16,8.99E-92,0.999992294,3.25E-12,1,2.36E-60,2.85E-15,1,2.87E-39,6.62E-59,1,4.81E-10,1.56E-15,1.80E-19,3.25E-35,1.30E-75,1.66E-103,1.13E-20,0.000216427,0.000272348,0.032883055,2.81E-05,7.02E-07,7.74E-55
2017-04,0.988085366,4.31E-65,1,1.03E-38,1,0.801277584,1,2.13E-15,1,1,0.000305413,1.36E-49,1.67E-98,3.77E-12,1,0.999789682,1.79E-32,1,0.995556458,0.999840711,4.41E-123,6.28E-19,3.63E-11,0.002585372,7.56E-19,1,1.36E-07,3.48E-05,1,5.91E-71
2017-05,4.30E-08,3.54E-210,3.75E-175,3.79E-80,1,0.027857163,1,1,1,0.999999999,1,2.05E-90,5.87E-86,7.55E-33,1,1.14E-51,1,1.42E-13,0.999999561,1.68E-14,2.93E-41,1.51E-137,3.73E-188,0.992051725,1.84E-11,1.38E-54,2.69E-14,1,1,1.23E-89
2017-06,0.044011062,1,1,2.69E-62,1,0.901773019,1,0.999999989,1,1,2.14E-09,2.17E-62,8.77E-225,1.01E-92,2.83E-15,3.96E-100,1,0.113792582,1,2.96E-07,1.86E-11,8.66E-86,2.02E-152,2.77E-28,0.000582713,0.999999965,1,0.993573174,1,1.93E-45
2017-07,0.006894727,0.999999994,4.96E-152,3.27E-70,1,0.000313022,9.99E-25,0.047957743,1,2.94E-22,1,1.60E-121,5.42E-69,2.12E-116,5.34E-10,6.05E-43,1,8.21E-24,0.041111995,1.72E-05,1.67E-22,1.51E-22,7.05E-31,1.78E-30,2.30E-12,2.55E-42,1.24E-20,0.999998846,4.51E-06,7.12E-113
2017-08,5.30E-05,8.42E-20,3.87E-34,4.34E-101,6.37E-07,0.999999005,3.63E-40,0.989865889,0.999998135,1,0.999793222,1.67E-88,1.00E-60,9.70E-61,3.91E-104,0.973360147,1,3.30E-62,0.003020438,2.91E-38,2.15E-107,5.50E-87,5.28E-74,0.828412558,0.999973913,1.52E-68,2.83E-20,0.999065672,3.61E-18,5.64E-30
2017-09,1.79E-08,2.64E-35,6.28E-37,1.06E-56,0.000853024,1.41E-05,2.76E-55,1.03E-55,2.71E-14,0.999912928,4.93E-07,0.000324703,0.999999997,9.69E-18,1,1.77E-20,3.88E-25,2.98E-131,0.99702084,2.94E-18,1.50E-17,1.87E-16,1.96E-36,2.48E-26,1,4.48E-36,7.28E-27,0.999983885,1,5.57E-42
2017-10,2.79E-16,6.62E-62,1,4.27E-129,1,3.45E-21,1.54E-08,1.64E-40,5.11E-09,6.30E-17,1,1.37E-32,3.05E-50,4.20E-48,2.12E-47,1.61E-99,0.962773055,7.18E-51,1,2.13E-223,4.38E-83,1.45E-49,9.67E-162,5.41E-16,0.000581295,2.35E-26,1.44E-50,1.29E-29,0.997012054,4.82E-44
2017-11,0.996321912,9.36E-68,2.27E-36,7.95E-68,1,1.18E-20,3.14E-58,1.04E-25,1,1,1,0,7.44E-67,3.46E-185,1,3.51E-67,0.996624452,7.38E-64,0.99435139,1,2.09E-29,1.17E-212,0,1,0.999400449,1.21E-54,1.31E-40,9.76E-12,3.99E-11,5.93E-60
2017-12,1.79E-14,7.02E-67,7.91E-05,4.15E-66,0.999999998,1.79E-50,1,8.99E-22,0.999571014,1,1,0.999921624,0.999999079,1.71E-50,1,5.89E-194,1,6.10E-14,0.999852606,2.36E-15,1.10E-09,8.95E-41,4.37E-42,2.55E-10,1,3.50E-59,1,2.06E-10,1.07E-05,2.71E-174
2018-01,0.00833491,5.21E-06,3.10E-16,1.41E-25,0.025153071,0.999998255,1.20E-06,0.998871671,1,1,1,8.00E-39,1.00E-26,6.55E-11,1,3.49E-52,1,3.49E-35,7.69E-16,5.05E-50,0.99621271,2.62E-15,4.61E-13,0.999970421,0.999354416,1,3.72E-30,1,0.999981561,1.25E-20
2018-02,0.999999712,0.000559222,0.999999972,1,1,0.838839327,4.42E-19,0.002840166,1,0.999999945,1,3.03E-44,1.93E-30,2.61E-20,1,2.26E-50,8.34E-45,3.34E-27,5.37E-08,3.39E-49,1.38E-09,0.812461197,1.05E-28,4.11E-08,0.000302681,1.97E-08,7.03E-14,5.86E-35,1,2.39E-29
2018-03,0.149841916,3.50E-07,2.47E-16,8.09E-55,1,0.999999999,2.71E-32,5.39E-10,2.20E-28,4.62E-18,2.82E-05,1,3.42E-38,3.10E-38,0.999933769,8.04E-133,1,8.31E-89,1,4.78E-45,7.10E-47,4.97E-128,1.44E-31,0.999999783,1.14E-35,4.38E-06,9.40E-17,5.15E-13,1.38E-06,2.25E-70
2018-04,0.019905745,0.999999994,4.23E-35,8.83E-56,5.54E-19,0.0519939,1.23E-44,0.999897539,0.000109661,0.999957605,0.999995425,2.12E-65,1.07E-37,1.39E-57,4.18E-18,2.68E-25,1,1,0.005370731,1.28E-30,2.67E-71,2.14E-124,4.49E-44,0.999998012,5.22E-08,0.004166593,5.30E-59,4.92E-71,5.47E-06,2.98E-54
2018-05,0.004361522,0.008376084,1.07E-18,3.33E-31,0.999999999,9.69E-09,1.16E-70,0.952529156,5.04E-15,1,2.82E-12,1.11E-79,2.03E-176,2.25E-37,1.35E-221,2.86E-100,0.999997133,2.21E-15,5.97E-08,8.53E-09,1.95E-107,8.82E-49,3.18E-260,0.999999964,3.16E-87,1.51E-48,6.44E-100,8.43E-105,3.78E-58,1.59E-43
2018-06,0.000726503,1.95E-05,4.52E-12,9.50E-247,2.00E-10,1.75E-18,1.51E-211,0.996540515,7.03E-29,4.66E-32,1.32E-55,5.32E-135,0,2.52E-96,3.66E-294,0,7.51E-05,2.71E-32,0.000948329,7.51E-132,4.68E-68,2.47E-54,4.82E-113,6.89E-16,9.29E-164,6.16E-70,1.29E-83,2.10E-105,1.48E-18,3.06E-125
2018-07,0.999999842,0.999999996,1,0.999999472,1,0.999976775,3.35E-14,0.99993112,0.954935598,0.999988955,1,3.35E-06,9.81E-14,1,0.000973748,0.999999608,1,2.07E-20,0.99999871,1,7.68E-70,3.16E-90,6.63E-125,0.917381179,0.999537352,5.29E-50,1.51E-11,0.999996118,1,9.28E-05
2018-08,0.004719805,0.018581829,1,5.57E-39,2.13E-23,0.013578582,7.66E-18,3.47E-14,4.22E-23,1,1,3.61E-35,9.49E-10,0.051310396,1.81E-34,1,2.41E-11,0.000325977,5.69E-06,3.77E-51,2.38E-34,1.05E-35,6.15E-134,0.999999979,7.97E-36,3.60E-07,7.91E-67,0.999980353,1,2.44E-31
2018-09,0.001255524,0.999997345,3.96E-14,1,1,1,0.999999999,3.47E-34,1,5.64E-13,1,1,1,0.03286099,1,1,3.29E-18,1,0.999999996,8.63E-32,2.97E-22,4.17E-07,6.07E-12,1,0.999999997,0.999586015,0.999999956,0.998568825,1,6.30E-12
2018-10,0.000766687,1.72E-09,5.02E-26,0.999999223,1.61E-19,0.999947724,1,3.01E-17,8.81E-07,2.09E-11,1,1,4.88E-33,1,1,1,1,0.996641207,0.900107077,6.68E-100,1.85E-14,1.02E-63,2.87E-24,1,3.84E-08,0.999999906,1,3.10E-14,0.999999985,1.52E-23
2018-11,0.999999917,2.71E-27,1.07E-16,2.19E-25,0.999796388,0.999874116,1.90E-12,0.999992652,3.53E-38,4.26E-36,3.81E-16,1,1,1.82E-35,1,3.40E-22,7.78E-24,1,0.015834739,0.000100147,6.82E-70,1.24E-21,3.56E-214,5.58E-09,1.66E-09,0.997639861,7.29E-15,1.89E-09,0.999999999,1.94E-61
2018-12,0.159389365,5.52E-12,8.02E-27,2.81E-20,0.999959556,0.975842803,0.999999963,7.62E-07,8.89E-18,7.98E-21,1,0.99999978,4.55E-25,1,0.100976275,2.28E-12,1,1.74E-14,9.18E-49,2.64E-116,3.28E-90,4.35E-40,6.44E-24,1,0.999999198,0.003245053,5.20E-25,3.02E-13,0.008886942,7.88E-108
2019-01,1.41E-05,6.05E-05,0.239983504,0.999968853,2.73E-31,1,2.55E-14,0.999999995,0.999781185,6.24E-18,1.62E-19,9.09E-35,1,0.99998926,4.88E-06,0.999999942,0.999962815,2.60E-48,1,6.54E-54,7.92E-270,3.01E-24,1.45E-11,2.60E-19,1,2.54E-12,0.999998762,1.27E-39,1,8.63E-31
2019-02,0.999995221,0.99997859,1,1,3.18E-74,0.996748834,0.999999982,1.83E-28,0.999999978,0.999999936,1,1.77E-28,0.987848274,0.999999999,3.95E-10,0.999999989,1,0.999997277,9.31E-09,3.99E-186,8.07E-24,0.999999993,5.26E-34,3.61E-08,6.56E-07,1.62E-15,8.73E-12,3.61E-24,1,2.12E-08
2019-03,5.77E-30,9.21E-07,1.73E-106,1,1.96E-60,2.84E-11,3.44E-06,1.82E-75,4.06E-16,1,2.96E-09,5.99E-33,1.13E-123,1,5.39E-60,0.998207274,5.57E-45,5.51E-58,0.000226633,1.85E-113,4.52E-103,3.54E-28,1.95E-94,5.46E-21,1.59E-14,6.67E-98,9.74E-81,1.39E-41,1,1.17E-15
2019-04,5.40E-26,1.10E-106,3.07E-12,9.87E-56,1.91E-32,0.041668069,9.32E-47,0.046903556,0.999990793,1.25E-31,1.48E-26,7.17E-197,0,1.62E-65,5.46E-55,1,1.18E-20,1.40E-200,1.28E-91,4.33E-215,1.08E-46,2.01E-65,3.72E-62,3.44E-39,5.06E-59,3.96E-63,5.07E-209,2.02E-83,2.17E-22,2.04E-68
2019-05,1.39E-06,0.014975448,7.29E-151,0.999999985,1,0.999941577,0.001133484,0.000320176,5.03E-21,1,0.003254122,5.86E-05,1.09E-25,4.66E-08,4.34E-39,6.18E-28,1.38E-36,0.000148519,7.03E-10,4.77E-14,1.11E-19,1.12E-67,2.37E-53,7.90E-30,0.016311357,1,5.03E-22,9.84E-52,1,2.97E-104
2019-06,1.03E-15,1.68E-31,9.42E-161,3.90E-06,4.09E-56,0.999276257,7.06E-11,5.48E-39,1,0.039396859,1,5.71E-81,2.70E-48,1,0.023546482,1,1,0.999999999,1,1.34E-64,1.85E-134,1.19E-168,1.5e-323,2.33E-63,1,2.82E-29,1,5.51E-181,1,4.69E-246
2019-07,0.999992576,1.02E-06,0.999663728,1,1,0.999779524,8.00E-20,0.999999985,0.999998152,1,0.999999678,1,1,2.30E-22,5.50E-09,6.36E-05,2.02E-21,0.998946281,1,1.36E-06,6.81E-136,3.80E-134,7.52E-108,0.918831743,0.065987786,1,1,0.994094746,9.29E-08,0.999603395
2019-08,7.18E-05,6.45E-30,3.25E-39,4.74E-93,6.63E-52,0.041414443,2.95E-32,0.945629965,1,0.999999856,1,4.58E-52,1,1.57E-24,3.49E-42,3.37E-18,0.033457605,4.27E-05,0.999999117,1,1.02E-102,2.15E-97,5.61E-126,9.23E-12,1,7.20E-07,1.17E-53,2.86E-42,2.95E-16,2.56E-32
2019-09,1.00E-05,1.23E-26,4.72E-41,6.44E-34,1,0.999999997,1.31E-43,9.76E-07,1.05E-09,1,1.96E-08,1,5.89E-06,1,1,2.20E-43,4.27E-195,1,9.30E-47,3.21E-05,9.59E-140,9.04E-34,3.29E-138,1.74E-12,1,7.34E-14,9.74E-157,8.83E-61,9.48E-11,2.79E-33
2019-10,1.95E-28,1.76E-19,5.08E-48,1,5.96E-67,0.599261853,5.69E-13,1.01E-05,5.46E-13,6.28E-31,5.07E-09,4.80E-27,3.44E-96,6.78E-57,2.83E-08,1,1,1.72E-06,0.999992662,4.68E-13,6.80E-17,0.003898145,0.993756656,1,8.29E-13,5.16E-06,2.75E-35,4.12E-22,2.44E-10,0.033871377
2019-11,4.25E-10,0.990689602,1,1,5.10E-12,3.09E-06,0.999629078,0.000380684,0.003224047,0.001173603,1,1,0.999999992,0.999740898,1.72E-37,2.96E-42,1,6.32E-13,1,9.62E-47,2.77E-43,1,0.999978628,1,1.74E-08,0.143968786,6.12E-08,1.02E-33,0.002390685,6.87E-14
2019-12,1,0.001194524,0,3.94E-06,1,7.58E-11,0.99988968,0.000649455,1,0.000115696,1,1,0.999999213,0.999994746,1.84E-28,1,0.686801184,2.25E-07,0.999999999,1.44E-90,0.999990905,0.999998954,0.999999356,0.999998127,9.86E-13,0.994703778,1.06E-28,0.999985588,1,1.01E-32
2020-01,1,0.000192677,5.27E-18,1,0.998657782,0.99999983,6.22E-41,3.52E-12,2.34E-16,2.43E-12,7.70E-07,3.22E-19,1,3.27E-20,1.80E-48,2.95E-44,8.99E-43,1,1,5.78E-05,0.999802632,0.999999749,1,1,1.64E-31,1,6.80E-39,1.22E-30,8.47E-25,2.70E-57
2020-02,0.002558603,2.63E-09,4.42E-123,0.999960831,1.30E-35,0.999951946,1.93E-67,0.931840778,1,1,8.97E-12,1.50E-13,0.331238895,0.000572913,1,6.63E-25,5.62E-56,1.35E-42,1.41E-70,8.06E-65,2.93E-07,3.84E-05,4.96E-42,1,0.997395223,1.63E-09,0.999999808,1.97E-17,0.941689807,0.999908714
2020-03,0.01910878,6.98E-08,9.69E-71,1,4.71E-30,0.995255364,1,0.000522947,1.78E-06,0.00089998,1,1,0.999999996,0.999999973,1,3.70E-12,1,0.99999876,3.04E-13,5.49E-11,0.999999332,0.999999988,0.130913832,0.999999635,2.12E-18,3.26E-38,3.93E-06,1.64E-08,3.23E-18,0.768822159
2020-04,0.046572952,1.46E-07,1.19E-77,6.64E-42,3.93E-46,7.78E-33,4.62E-24,0.95595011,1.76E-29,0,3.52E-75,7.28E-67,3.04E-09,6.61E-24,2.52E-58,0.992719469,2.57E-16,1.12E-19,4.66E-129,1.53E-09,1.74E-11,5.63E-36,4.95E-38,1.69E-28,2.36E-22,1.40E-07,4.10E-15,9.22E-36,7.22E-23,8.05E-24
2020-05,0.04462267,2.21E-30,1,1.01E-47,1.26E-82,1.17E-20,1.25E-08,3.75E-12,1.20E-17,1.58E-16,5.19E-35,9.03E-45,1,1,2.25E-20,2.19E-28,1,0.450817545,2.64E-36,0.948274681,4.59E-12,9.34E-19,0.000152515,1.15E-11,1.50E-06,6.07E-23,1,1.63E-13,2.38E-14,7.36E-26
2020-06,0.007979605,0.006282758,3.50E-42,1,1.99E-49,9.85E-23,1.07E-12,1,9.58E-14,1,4.50E-09,3.46E-12,2.03E-31,2.69E-25,9.48E-24,1,8.26E-05,1,1,0.939243258,2.55E-34,1,1,1.34E-05,2.33E-11,3.44E-59,1.09E-67,0.999999806,0.999999983,6.89E-17
2020-07,8.93E-06,8.45E-05,8.77E-34,1,2.19E-23,0.005043933,7.40E-31,1,0.007387384,1.11E-22,1.01E-11,8.13E-32,6.32E-21,5.31E-16,1.54E-26,1,1,3.01E-05,0.999999996,0.003494698,2.34E-09,1,1.91E-43,8.41E-20,4.60E-15,0.001753388,2.40E-38,5.76E-06,1.64E-07,1
2020-08,0.000554224,1,0.999999999,3.67E-16,1,8.52E-26,4.77E-55,1,9.45E-28,1.64E-88,7.62E-12,1,1,3.44E-34,4.25E-26,0.002127027,1.23E-43,1,0.999999839,1,0.981075712,5.82E-16,0.993980685,0.999999895,1,1,9.63E-16,0.99999738,0.999999524,4.30E-10
2020-09,1,0.000115738,1,1,1,0.998029241,1.65E-50,1,4.76E-47,1.15E-53,1,1.75E-17,1,6.27E-36,1,4.20E-21,3.64E-08,1,2.99E-06,5.34E-19,1,2.09E-21,2.40E-07,7.16E-33,5.41E-12,1,2.67E-10,7.58E-17,1,0.999999179
2020-10,0.999999998,3.40E-08,0.000563023,4.46E-18,7.94E-75,0.997926666,1.49E-36,1,1,3.90E-33,0.999999959,0.999921797,0.999999848,1.33E-43,3.31E-40,4.97E-24,0.999998919,0.996190373,3.79E-18,1,0.997764731,4.23E-31,1.59E-49,6.20E-05,0.049411526,1,7.08E-09,0.999999997,1,0.999965243
2020-11,0.999990523,0.000987719,6.00E-33,1,1.48E-154,0.013519291,1.97E-63,1,0.999999853,1,1,0.006603388,1,1,2.06E-26,1.16E-103,2.78E-06,0.012819411,1.00E-34,0.000343572,0.000324016,3.41E-14,4.26E-10,1,1,1,9.74E-40,4.80E-07,1,0.999433419
2020-12,1,2.61E-27,9.84E-50,1,1.12E-61,1.92E-23,2.85E-45,0.999987484,1,5.27E-74,1,6.74E-45,1.51E-81,5.39E-24,2.12E-34,4.15E-58,2.42E-12,0.999999986,3.11E-17,1,6.22E-30,0.399280607,0.000341486,1,3.74E-57,1.32E-20,9.91E-35,6.86E-26,1.84E-21,2.70E-49
2021-01,0.999612688,1,8.15E-93,0.03901315,1.27E-36,0.999997412,7.69E-31,1,1,4.30E-15,1.50E-29,1,6.28E-06,1.53E-20,1.47E-44,4.42E-78,8.93E-51,1,0.999989576,2.73E-30,1.87E-43,6.95E-46,5.99E-75,0.99999965,3.68E-56,1,5.94E-13,6.80E-17,1,6.58E-15
2021-02,4.34E-06,2.12E-46,7.82E-47,0.995179935,2.72E-27,3.59E-07,7.56E-47,1,1,6.52E-16,1,1.42E-06,1,1.61E-26,4.69E-27,1.03E-33,1,1,0.999999887,0.999999974,3.02E-36,5.93E-14,0.996949435,1,1.31E-47,1,1,8.47E-12,1,1.92E-24
2021-03,0.048474261,7.98E-82,1,1,4.43E-33,1.12E-07,0.999999713,1.35E-08,0.999999833,5.28E-31,1,7.10E-11,1.74E-25,1.65E-09,2.61E-74,1.49E-33,0.001767705,1,5.90E-31,0.987571071,0.999999996,3.58E-06,8.88E-15,1,8.74E-07,3.49E-16,1,0.999999993,0.99999989,0.983721667
2021-04,8.63E-08,3.20E-57,4.52E-47,6.53E-10,4.34E-22,1.10E-11,1.68E-25,3.18E-82,9.56E-19,2.17E-57,1.91E-23,1.33E-31,1.55E-28,9.42E-56,9.27E-12,1.99E-99,1,1,1,1,0.999995104,1.80E-34,3.76E-143,2.40E-13,0.999999981,1.85E-102,8.45E-11,0.999820567,2.14E-22,0.998666319
2021-05,0.952476132,2.63E-13,6.97E-11,5.77E-24,1,0.983107858,1.86E-36,0.000795313,1,2.85E-53,1,1,8.69E-35,0.999999602,1,1.89E-13,1,0.006129979,1,1,1,0.114487874,2.24E-59,1,9.55E-61,0.000304523,1,0.05616864,0.999916396,1
2021-06,0.998606587,1.18E-39,0.999919595,3.94E-18,2.40E-25,0.999999702,1.08E-57,0.999999562,1,4.58E-31,1,1.25E-05,0.998185072,1,6.04E-20,7.37E-10,1,0.999803369,1,0.9841595,0.999999966,0.999999645,1,1,1,0.999993176,0.99999993,0.998715927,1,0.999908868
2021-07,0.996599534,4.00E-47,2.15E-30,1.19E-08,1,1.04E-06,5.42E-18,0.999281028,0.999052775,6.11E-42,1,1,0.994679462,1,1,1.77E-08,0.000164568,1,0.999032348,1,1,0.067196879,3.24E-15,0.999998664,1.16E-09,1,3.93E-24,0.081516053,1,0.998708762
2021-08,1,0.997512873,1.66E-102,4.26E-09,1,1,4.74E-25,1,1,1,1,5.97E-25,2.41E-05,7.36E-07,1,2.04E-11,1,1,1.49E-10,1,0.999999999,1,1,0.721445665,4.13E-13,1,1,0.999999964,1,0.999971193
2021-09,0.918973601,0.014909707,0.735627129,1,1,0.999531479,1.35E-20,7.21E-08,1,1,0.999833447,1,5.21E-99,1,1,1.93E-34,1,1,2.75E-19,1,0.999997999,1,1,0.999999999,0.200031402,1,1,0.99999885,1,3.13E-17
2021-10,0.97938036,0.999999981,2.44E-68,1,0.999999997,0.999999999,1,1,0.999992894,1,0.999999999,1,0.994094697,1,2.28E-28,1,1,0.992758387,1.40E-14,0.010269172,1.33E-10,1.07E-28,3.22E-33,1,5.88E-12,0.999999997,1,1,1,2.38E-30
2021-11,0.994754628,0.99999425,1.73E-31,1,1,1,3.47E-11,0.999081466,2.23E-09,1,0.999999905,8.47E-09,0.999941676,4.53E-09,5.23E-20,1,1,1.31E-09,1.14E-140,0.980758808,1.42E-21,0.999999998,1,1,0.999964529,0.999699931,1,0.999999999,1,1
2021-12,0.005291399,0.99878741,0.013683181,0.66076964,1,0.124143363,3.73E-24,1,0.999999675,6.44E-32,7.00E-15,1,1,1.44E-34,1.39E-39,1,6.33E-15,0.999975615,1.67E-08,0.0015403,8.92E-07,3.75E-15,2.68E-33,6.90E-12,1,1,0.000363161,8.70E-05,1,0.990645811
2022-01,0.999998619,0.999999999,0.999561804,4.38E-22,1,0.997028004,1.14E-25,0.007115271,3.70E-25,1,1,1,0.000341717,4.63E-16,9.25E-24,1,1.33E-14,1,1.78E-15,1,0.999975185,6.27E-08,7.50E-29,2.06E-54,6.38E-18,0.999999467,4.63E-19,0.013680115,1,1.78E-28
2022-02,1,0.002904191,8.85E-05,7.39E-73,1,1,1.64E-33,2.94E-51,1,1.30E-51,0.015524018,1,0.999995871,7.00E-64,1.56E-33,1,4.32E-10,3.14E-13,1,1,1,4.54E-25,3.41E-09,0.999976206,0.239642904,0.99999955,9.15E-27,5.18E-05,0.999999999,0.996726782
2022-03,0.007347997,1.55E-09,0.000248276,1.41E-25,0.999991697,1,6.59E-48,4.01E-26,0.576925374,7.34E-34,1,7.68E-62,1,1.32E-16,6.35E-13,3.18E-45,1,1,1,1,1,4.17E-75,1.07E-10,1,0.999974618,1,0.985465917,0.026211592,1,1
2022-04,0.949646174,0.999982725,0.980172776,1.04E-22,1,0.998449983,1,0.40050916,1,1,1.86E-43,1,1,1.89E-43,1.81E-32,1,0.999452433,1,1,0.000932456,0.999985946,7.91E-81,1,0.999998834,3.23E-10,1,1.87E-12,0.99991066,1,1
2022-05,0.005738202,0.99989613,1,1.61E-64,1,0.999134201,1.02E-48,1.46E-21,5.12E-46,1.61E-05,0.999979555,1,1,4.62E-36,6.64E-43,1,1.95E-07,0.999999421,1,1.65E-05,4.91E-11,9.72E-102,0.006154262,1,0.064697733,1,2.23E-18,0.999998971,0.436858767,0.761737136
2022-06,0.999969146,0.999961285,8.24E-09,5.51E-53,1.02E-07,0.999998593,1.58E-13,1.41E-21,1,1,0.077807223,1,1,8.76E-33,5.57E-08,6.06E-50,1.33E-36,7.62E-07,0.999996701,4.81E-10,3.82E-13,1.27E-21,0.512665664,1,2.25E-39,1,1.91E-32,1,1,0.999873254
2022-07,0.000759393,1,1.60E-27,2.07E-48,2.10E-22,0.999999986,1.66E-57,3.07E-10,4.10E-32,1,1.12E-11,7.58E-10,1,7.49E-43,8.78E-11,1.86E-09,1,1.71E-19,0,4.72E-27,7.03E-09,1.49E-47,0.004782021,4.45E-16,1.86E-48,1,1.38E-42,0.012844609,0.999999999,0.007329071
2022-08,1,0.999228302,2.48E-28,8.64E-68,1.26E-169,0.999999998,3.90E-69,1,7.48E-75,1,3.18E-44,1,5.60E-40,0.000105974,2.39E-42,7.02E-19,1.20E-21,0.000766645,2.86E-51,0.001105649,1.12E-79,6.74E-11,0.999999971,1,1,0.03828644,6.45E-23,4.30E-54,1,1.31E-08
2022-09,0.002810689,0.942420808,7.80E-42,3.54E-27,1,0.999999995,2.34E-91,0.998649089,1,3.00E-35,2.63E-30,0.999999973,2.46E-32,7.74E-36,1.90E-26,1,2.37E-24,0.999999679,0.998615414,0.003646464,1,2.38E-06,3.66E-28,1.73E-29,1,1,1,5.19E-38,0.999618792,3.68E-29
2022-10,2.82E-05,0.995897717,2.07E-11,2.20E-151,1.29E-295,9.52E-89,2.13E-53,0.999999552,3.80E-22,6.08E-16,2.87E-09,4.70E-59,6.41E-42,8.36E-42,4.70E-56,1.27E-67,5.03E-39,1.08E-08,4.40E-14,9.11E-174,3.16E-07,5.11E-24,2.45E-56,8.38E-20,3.11E-109,3.21E-37,2.71E-69,1.46E-23,3.16E-20,6.81E-34
2022-11,6.52E-30,1,2.40E-08,3.08E-35,5.97E-22,2.00E-37,5.71E-27,7.69E-51,3.94E-19,1.98E-111,4.69E-49,2.73E-50,7.67E-47,8.08E-26,2.31E-55,1.98E-21,2.25E-129,1,3.34E-297,0.999981812,2.70E-26,7.28E-34,2.85E-44,1.30E-30,1.30E-21,3.34E-39,1,1.61E-36,2.07E-71,5.56E-51
2022-12,0.997643173,0.999989836,0.000485319,1.68E-24,2.97E-26,1.70E-42,1.29E-17,0.999999901,2.18E-55,1,1,1,1,1.79E-54,1.16E-29,2.55E-40,1,1,1.53E-54,0.98390555,1,4.02E-13,2.01E-26,1.61E-09,0.106572107,0.993120508,6.30E-17,1.44E-21,1.63E-71,0.003586118
2023-01,1,0.004827584,0.004304126,1,8.54E-211,2.52E-53,5.46E-108,0.038538783,1,1,1,0.999999955,0.999795981,4.24E-31,1.63E-15,4.60E-110,7.29E-37,1.11E-12,8.94E-63,0.999174341,3.31E-33,0.999998997,1,0.297701469,5.15E-15,1,6.95E-19,2.02E-15,0.999999982,1
2023-02,0.022837695,0.043608408,4.08E-07,1,1.91E-254,3.89E-05,0.999999987,0.99329072,1,1.76E-24,2.63E-05,1.54E-62,1,4.08E-30,2.10E-14,1,0.004029547,1,5.87E-64,0.985657683,1.30E-11,3.62E-22,1,1,2.14E-21,1,4.06E-13,1.22E-10,1,1
2023-03,0.947495617,0.999709421,2.46E-30,9.83E-19,3.99E-52,0.994750723,1,1,2.88E-32,7.14E-80,2.71E-07,1,1,5.20E-16,2.20E-22,1,0.007727951,0.999999996,6.53E-76,0.000432446,5.51E-32,6.32E-45,2.59E-05,1,2.15E-26,0.003745322,1.87E-35,1.70E-13,0.994397956,9.28E-27
2023-04,0.999999904,1,1,1,1,1,0.999989447,1,2.04E-28,8.53E-28,1.10E-32,1,5.08E-25,2.54E-10,1,9.50E-07,2.22E-09,0.999919051,2.91E-43,0.999714491,1.26E-25,1,6.16E-25,0.999998265,1.24E-60,1,1.87E-18,1.75E-06,1.90E-19,6.53E-47
2023-05,0.999998628,0.002456304,1,1,1,5.20E-21,2.16E-56,1,1.48E-57,8.54E-25,1,1,1,1,8.86E-50,2.85E-32,0.46862512,3.54E-06,1,1,2.27E-27,0.99804368,4.35E-57,1,1,1,1,8.85E-21,0.999999995,0.999993554
2023-06,0.002428919,0.999988178,1,0.999999988,1,1.27E-41,2.22E-47,0.999999996,7.26E-54,3.96E-13,1,0.999999414,1,1,7.01E-49,1,0.999945346,5.80E-06,8.66E-30,0.99961259,2.11E-26,2.49E-23,6.90E-31,2.54E-47,0.999053847,1,0.999999941,2.55E-17,0.999999925,0.999949448
2023-07,1,0.999939839,1,1.44E-06,1,2.62E-42,1,0.001085975,3.11E-05,1,0.999999996,1,9.44E-55,2.00E-16,3.84E-38,1,1,8.33E-13,1,1,3.48E-41,1,1.13E-68,0.000158742,0.518923696,0.999946839,1,4.73E-12,1,0.999950135